 -L5YWGxypuay1YT2Tjuz,https://www.w3schools.com/w3css/img_fjords.jpg
 -L5YWGxypuay1YT2Tjuz,https://imagejournal.org/wp-content/uploads/bb-plugin/cache/23466317216_b99485ba14_o-panorama.jpg
 -L5YWGxypuay1YT2Tjuz,https://cdn.pixabay.com/photo/2013/04/06/11/50/image-editing-101040_960_720.jpg
 -L5YWGxzvXRX-ypxveFo,https://www.w3schools.com/w3css/img_lights.jpg
 -L5YWGxzvXRX-ypxveFo,https://www.gettyimages.ca/gi-resources/images/Homepage/Hero/UK/CMS_Creative_164657191_Kingfisher.jpg
 -L5YWGxzvXRX-ypxveFo,https://static.pexels.com/photos/248797/pexels-photo-248797.jpeg
 -L5YWGy-uR31ZwNCi0K9,https://html5box.com/html5lightbox/images/lakeandballoon.jpg
 -L5YWGy-uR31ZwNCi0K9,https://demo.phpgang.com/crop-images/demo_files/pool.jpg
 -L5YWGy-uR31ZwNCi0K9,https://encrypted-tbn0.gstatic.com/images?q=tbn:ANd9GcR0Xa273yAlo8msMeoLIsY5YwMllxq_D0usBaxvv5z5tIrv7Bpc
 -L5YWGy-uR31ZwNCi0KA,https://www.gettyimages.com/gi-resources/images/frontdoor/creative/LonelyPlanetRM/Slide_2.jpg
 -L5YWGy-uR31ZwNCi0KA,https://www.elastic.co/assets/bltada7771f270d08f6/enhanced-buzz-1492-1379411828-15.jpg
 -L5YWGy-uR31ZwNCi0KA,https://cdn.pixabay.com/photo/2016/09/01/10/23/image-1635747_960_720.jpg
 -L5YWGy09MjdAn2732ZH,https://stepupandlive.files.wordpress.com/2014/09/3d-animated-frog-image.jpg
 -L5YWGy09MjdAn2732ZH,http://keenthemes.com/preview/metronic/theme/assets/global/plugins/jcrop/demos/demo_files/image1.jpg
 -L5YWGy09MjdAn2732ZH,http://www.abc.net.au/news/image/9131708-3x2-940x627.jpg
 -L5YWGy16O4uQz2kwMae,https://www.w3schools.com/howto/img_paris.jpg
 -L5YWGy16O4uQz2kwMae,https://encrypted-tbn0.gstatic.com/images?q=tbn:ANd9GcT94i5oLwtVw4VKAW-3RjzyOYAu5d0Bl1EJ2aRsFaLso2mBIWMWIw
 -L5YWGy16O4uQz2kwMae,https://static.pexels.com/photos/56866/garden-rose-red-pink-56866.jpeg
 -L5YWGy845-rkb0EFtsJ,https://media.giphy.com/media/10B1POqoY9kOME/giphy.gif
 -L5YWGy845-rkb0EFtsJ,https://cdn.arstechnica.net/wp-content/uploads/2016/02/5718897981_10faa45ac3_b-640x624.jpg
 -L5YWGy845-rkb0EFtsJ,https://cdn.pixabay.com/photo/2017/04/05/11/56/image-in-the-image-2204798_960_720.jpg
 -L5YWGyBsCfv9LEw0ngj,https://www.aussiespecialist.com/content/asp/en_gb/sales-resources/image-and-video-galleries/jcr:content/mainParsys/hero/image.adapt.1663.medium.jpg
 -L5YWGyBsCfv9LEw0ngj,http://palina.p.a.pic.centerblog.net/hb5yvh6a.jpg
 -L5YWGyBsCfv9LEw0ngj,https://encrypted-tbn0.gstatic.com/images?q=tbn:ANd9GcQhjG6SqQXoBXEl0UZSzRuY-XaNPoSebZfVb9kKsA3q31PKBxcAvw
 -L5YWGyDAP-iJBqnCAeb,https://upload.wikimedia.org/wikipedia/commons/a/aa/Polarlicht_2.jpg
 -L5YWGyDAP-iJBqnCAeb,https://encrypted-tbn0.gstatic.com/images?q=tbn:ANd9GcRIrWmkpL8KAbDsAgv6TVLcKyQiwjgWUnnWeM7YD1BjxYMhf2HF
 -L5YWGyDAP-iJBqnCAeb,https://encrypted-tbn0.gstatic.com/images?q=tbn:ANd9GcTcxeppQfidTDkTVYp-nUJ9SDE0cqY1kRs6oXPxqBwkz1_0eWh1AQ
 -L5YWGyEmy-SjJv8cnD5,https://cdn.athemes.com/wp-content/uploads/Original-JPG-Image.jpg
 -L5YWGyEmy-SjJv8cnD5,https://helpx.adobe.com/content/dam/help/en/stock/how-to/visual-reverse-image-search/_jcr_content/main-pars/image/visual-reverse-image-search-v2_1000x560.jpg
 -L5YWGyEmy-SjJv8cnD5,https://encrypted-tbn0.gstatic.com/images?q=tbn:ANd9GcShoM6pshYS2TrqFqK6dSunYNLoJUPfdx7iz85XYcFu1AiIr7oN
 -L5YWGyF9MDNia06YWaW,https://media.gettyimages.com/photos/an-image-of-three-cows-in-a-meadow-picture-id118205813?s=612x612
 -L5YWGyF9MDNia06YWaW,https://visadventures.com/wp-content/uploads/2015/02/5DS_Bird.png
 -L5YWGyF9MDNia06YWaW,http://dreamicus.com/data/image/image-03.jpg
 -L5YWGyH9YWzjqyYOayg,http://www.kinyu-z.net/data/wallpapers/73/956652.jpg
 -L5YWGyH9YWzjqyYOayg,http://www.fitzmuseum.cam.ac.uk/sites/default/files/1_0.jpg
 -L5YWGyH9YWzjqyYOayg,https://cdn.vox-cdn.com/thumbor/aGqpkHoX_oBxCT0tBKNU3mZaLSg=/36x0:983x631/1200x800/filters:focal(36x0:983x631)/cdn.vox-cdn.com/assets/1114614/earth-russia.jpg
 -L5YWGyInmVfHs8isKaA,http://www.hkepci.com/data/out/4/276405-image.jpg
 -L5YWGyInmVfHs8isKaA,https://www.planwallpaper.com/static/images/HD-Wallpapers1.jpeg
 -L5YWGyInmVfHs8isKaA,http://dreamicus.com/data/image/image-01.jpg
 -L5YWGyJo1CGeLeBGBMJ,https://html5box.com/html5lightbox/images/skynight.jpg
 -L5YWGyJo1CGeLeBGBMJ,https://cloud.netlifyusercontent.com/assets/344dbf88-fdf9-42bb-adb4-46f01eedd629/7562f3e8-c1ef-44b1-9496-bf2ef86ab64c/07-responsive-image-example-castle-7-opt.jpg
 -L5YWGyJo1CGeLeBGBMJ,https://www.gettyimages.ca/gi-resources/images/Homepage/Category-Creative/UK/UK_Creative_462809583.jpg
 -L5YWGyKdMrREtNPtsP_,https://www.ctvnews.ca/polopoly_fs/1.3580985.1504885310!/httpImage/image.jpg_gen/derivatives/landscape_960/image.jpg
 -L5YWGyKdMrREtNPtsP_,https://helpx.adobe.com/content/dam/help/en/photoshop/how-to/compositing/_jcr_content/main-pars/image/compositing_1408x792.jpg
 -L5YWGyKdMrREtNPtsP_,https://s3-us-west-1.amazonaws.com/powr/defaults/image-slider1.jpg
 -L5YWGyLtHuJfocuHdOW,http://img.huffingtonpost.com/asset/5996c93d22000009371a69e5.jpeg?ops=scalefit_630_noupscale
 -L5YWGyLtHuJfocuHdOW,http://res.cloudinary.com/demo/image/upload/multiple/folders/sample.jpg
 -L5YWGyLtHuJfocuHdOW,https://www.ctvnews.ca/polopoly_fs/1.3413333.1494800260!/httpImage/image.jpg_gen/derivatives/landscape_620/image.jpg
 -L5YWGyLtHuJfocuHdOX,https://media1.s-nbcnews.com/j/newscms/2017_18/1986801/170503-army-training-afghanistan-mn-1255_3744c554ed1964a8c17611dcdc69be73.nbcnews-fp-1200-800.jpg
 -L5YWGyLtHuJfocuHdOX,https://encrypted-tbn0.gstatic.com/images?q=tbn:ANd9GcTnIOXXYVofmIxa2KxlWUcu15HirXxJkrIiprrUuJtb2HsooNqrtQ
 -L5YWGyLtHuJfocuHdOX,https://vignette.wikia.nocookie.net/animal-jam-clans-1/images/3/38/Desktop-year-of-the-tiger-images-wallpaper.jpg/revision/latest?cb=20170113034238
 -L5YWGyMAOkOxSZH66my,https://media.nature.com/w700/magazine-assets/d41586-017-08492-y/d41586-017-08492-y_15320844.jpg
 -L5YWGyMAOkOxSZH66my,https://3c1703fe8d.site.internapcdn.net/newman/csz/news/800/2017/theoreticala.jpg
 -L5YWGyMAOkOxSZH66my,http://cdn.collider.com/wp-content/uploads/2016/11/kong-skull-island-monster-image.jpg
 -L5YWGyNYqfA5oxZDym4,http://i.dailymail.co.uk/i/pix/2018/01/10/14/47FB07F600000578-0-image-a-10_1515594563610.jpg
 -L5YWGyNYqfA5oxZDym4,https://encrypted-tbn0.gstatic.com/images?q=tbn:ANd9GcRj1IeLvtLvRelDNXyJkCQgXYnpFFnCkoEy4PFfRYvYKLPGKKG2
 -L5YWGyNYqfA5oxZDym4,https://www.irishtimes.com/polopoly_fs/1.2614603.1461003507!/image/image.jpg_gen/derivatives/box_620_330/image.jpg
 -L5YWGyO0LS6dczC36XG,https://media.gettyimages.com/photos/mystic-sunbeams-shining-into-a-dark-forest-xxl-image-picture-id475593258?b=1&k=6&m=475593258&s=612x612&w=0&h=STtCic_ALqpIpUt0KX60ZkzEsGfwnSx6whakjROFkRM=
 -L5YWGyO0LS6dczC36XG,http://www.loveimagesdownload.com/wp-content/uploads/2016/08/hd-love-couple-wallpaper-supermoon-romantic-night-wide-1024x640.jpg
 -L5YWGyO0LS6dczC36XG,https://encrypted-tbn0.gstatic.com/images?q=tbn:ANd9GcRfWjBCZJmsA6FLmjF1foRWpPnpN6aLwOwmN4O5KQMWshfv_xSo9A
 -L5YWGyO0LS6dczC36XH,http://www.scienceimage.csiro.au/images/cache/detail/986_0_GA8614.jpg
 -L5YWGyO0LS6dczC36XH,https://encrypted-tbn0.gstatic.com/images?q=tbn:ANd9GcQvc_L4AAoLWxYERo9YAgEq9P4QRmwCAlWVf9-j8wuExVjl__8E
 -L5YWGyO0LS6dczC36XH,http://www.hd-freeimages.com/uploads/large/3d-nature-flowers-wallpapers/natural-flower-hd-image.jpg
 -L5YWGyPKa6tUB3Azvgu,https://encrypted-tbn0.gstatic.com/images?q=tbn:ANd9GcSvNGOOCZkMys2FeEgits8XM3_-VDKwf8nCfwm6soK-PsUHUSjpdA
 -L5YWGyPKa6tUB3Azvgu,http://www.esa.int/var/esa/storage/images/esa_multimedia/images/2015/05/saint_george_basin_australia/15411139-1-eng-GB/Saint_George_Basin_Australia.jpg
 -L5YWGyPKa6tUB3Azvgu,https://mobirise.com/bootstrap-gallery/assets/images/bootstrap-image-gallery919x643-160-1400x979-28.jpg
 -L5YWGyPKa6tUB3Azvgv,https://amazingcarousel.com/wp-content/uploads/amazingcarousel/6/images/lightbox/sunny-day-lightbox.jpg
 -L5YWGyPKa6tUB3Azvgv,https://encrypted-tbn0.gstatic.com/images?q=tbn:ANd9GcQyvr_RVIVHaZa0pPQc439rURe_yhuXAY9KRpOfXbaohtrdlZAS
 -L5YWGyPKa6tUB3Azvgv,http://cms.ipressroom.com.s3.amazonaws.com/173/files/20177/59838d2d2cfac267790bf124_Holographic+microscope+image/Holographic+microscope+image_mid.jpg
 -L5YWGyQIfaks_2V0TGb,https://www.gettyimages.in/gi-resources/images/Homepage/Hero/US/SEP2016/prestige-476863311.jpg
 -L5YWGyQIfaks_2V0TGb,https://encrypted-tbn0.gstatic.com/images?q=tbn:ANd9GcTQsPMgaRegFTNDBYzUx0Vud6Y-U4Dh90OnVbS5QUqO2gMYfsqE
 -L5YWGyQIfaks_2V0TGb,http://s1.ibtimes.com/sites/www.ibtimes.com/files/styles/embed/public/2018/02/16/google.jpg
 -L5YWGyRrwIvd7gDS9nT,http://images.all-free-download.com/images/graphiclarge/beautiful_natural_scenic_03_hd_picture_166230.jpg
 -L5YWGyRrwIvd7gDS9nT,https://thumb1.shutterstock.com/display_pic_with_logo/4132579/530992690/stock-photo-a-drop-of-water-dew-on-a-fluffy-feather-close-up-macro-with-sparkling-bokeh-on-blue-blurred-530992690.jpg
 -L5YWGyRrwIvd7gDS9nT,https://www.oxforduniversityimages.com/images/rotate/Image_Spring_17_7.gif
 -L5YWGyRrwIvd7gDS9nU,https://www.jqueryscript.net/images/Add-Image-Or-Text-Watermarks-To-Images-with-jQuery-watermark.jpg
 -L5YWGyRrwIvd7gDS9nU,https://www.iloveimg.com/images/home.jpg
 -L5YWGyRrwIvd7gDS9nU,http://cdn.iflscience.com/images/d722dfd3-3f68-5587-8bcd-22b3838da612/default-1499874578-cover-image.jpg
 -L5YWGySmRsJitfVAXAV,https://www.nasa.gov/sites/default/files/styles/full_width_feature/public/thumbnails/image/main_w00106360-1041.jpg
 -L5YWGySmRsJitfVAXAV,https://media.istockphoto.com/photos/sunrise-on-yosemite-valley-picture-id505872990?k=6&m=505872990&s=612x612&w=0&h=XcdHhkC9PF9-saYT6n_GQD-0Hf8dbI_Q4wfYlZZGpNk=
 -L5YWGySmRsJitfVAXAV,http://www.bigfoto.com/flowers-image.jpg
 -L5YWGyUePozuTCeYP8E,https://encrypted-tbn0.gstatic.com/images?q=tbn:ANd9GcRpw7vpdRbBUdXQ5KS_NTbEpP_ZtNjS3COvorFz6HZdhhUd5W3FxQ
 -L5YWGyUePozuTCeYP8E,http://www.capitol.state.tx.us/images/backgrounds/capitolc_1024.jpg
 -L5YWGyUePozuTCeYP8E,https://upload.wikimedia.org/wikipedia/commons/thumb/b/bc/P1150548_Paris_XIV_place_Denfert-Rochereau_rwk.jpg/1200px-P1150548_Paris_XIV_place_Denfert-Rochereau_rwk.jpg
 -L5YWGyVS2sC0BEk3UOn,https://bcplace.cdn.prismic.io/bcplace/c1260d5fef87872fd64356aceffa965b74234d10_bc_place_vision_2011_external_view_2013-05-05_213000.jpg
 -L5YWGyVS2sC0BEk3UOn,https://en.parisinfo.com/var/otcp/sites/images/media/1.-photos/02.-sites-culturels-630-x-405/place-de-la-concorde-grande-roue-nuit-630x405-c-otcp-amelie-dupont/23613-1-fre-FR/Place-de-la-Concorde-grande-roue-nuit-630x405-C-OTCP-Amelie-Dupont.jpg
 -L5YWGyVS2sC0BEk3UOn,http://whc.unesco.org/uploads/thumbs/site_0857_0001-750-0-20151104155528.jpg
 -L5YWGyWvqZPBIefaMP-,http://www.hkepci.com/data/out/30/367252-place.jpg
 -L5YWGyWvqZPBIefaMP-,https://static.xx.fbcdn.net/rsrc.php/v1/yz/r/JuwB2XZxG9M.jpg
 -L5YWGyWvqZPBIefaMP-,http://www.thewhiteklove.com/img/tourist-places/qutub-minar.jpg
 -L5YWGyXbOoKxQtdV-4k,http://www.sjp.asia/~/media/Images/S/SJP-Asia/signpost-images/singapore.jpg?h=307&la=en&w=767
 -L5YWGyXbOoKxQtdV-4k,http://jonvilma.com/images/place-3.jpg
 -L5YWGyXbOoKxQtdV-4k,http://cdn-image.travelandleisure.com/sites/default/files/styles/1600x1000/public/1479915553/helsinki-finland-WTG2017.jpg?itok=T2iTV88G
 -L5YWGyYk_TfQOVmLAxT,http://www.flochamber.com/wp-content/uploads/2017/08/foreverhomes.jpg
 -L5YWGyYk_TfQOVmLAxT,https://www.penshurstplace.com/uploads/masthead_slides/1401293099masthead-slide-3.jpg
 -L5YWGyYk_TfQOVmLAxT,https://encrypted-tbn0.gstatic.com/images?q=tbn:ANd9GcQ7r5bYqlPX20ZXg4-nrQp5YNhvsjWqfB8MNvC1qZAURpitBQ_KPw
 -L5YWGyYk_TfQOVmLAxU,https://mccormickplace.regency.hyatt.com/content/dam/PropertyWebsites/regency/chimc/Media/All/Hyatt-Regency-McCormick-Place-P264-Chicago-Skyline-at-Dusk.masthead-feature-panel-medium.jpg
 -L5YWGyYk_TfQOVmLAxU,https://encrypted-tbn0.gstatic.com/images?q=tbn:ANd9GcSJdiS5u4l5z1LPA0ODLBB8Xcs-VAwUA_h6zXatl8TvMO9DUJrXSA
 -L5YWGyYk_TfQOVmLAxU,https://encrypted-tbn0.gstatic.com/images?q=tbn:ANd9GcQeYjopmp4H_0Kq7yvu1yHXWjTqNIjAVWpiDkcwn8-gPdUsdVdr
 -L5YWGyZ9iMD1LLA4qEl,https://upload.wikimedia.org/wikipedia/commons/c/cb/Place_Clemenceau_-_Pau.JPG
 -L5YWGyZ9iMD1LLA4qEl,https://1.bp.blogspot.com/-fZRyOpvZ0DA/V6EpcGPSyuI/AAAAAAAAA9c/RqwpSeEhxRM-J5TNau8796pw-CATuuRsACLcB/s1600/Let%2527s%2BSee%2BThe%2BMost%2B5%2BPopular%2BPlaces%2Bof%2BInterest%2Bin%2BUnited%2BKingdom%2BHere%2521%2521%2521.jpg
 -L5YWGyZ9iMD1LLA4qEl,http://myfriendsplace.org/wp-content/uploads/2012/03/HOLLYWOOD-930x480.jpg
 -L5YWGy_DiQzNg4_R6fO,http://yallabook.com/guide/uploade/files/150917_85956728a5.jpg
 -L5YWGy_DiQzNg4_R6fO,"https://media.cntraveler.com/photos/56cb76deb19e7d9b785202d9/master/w_775,c_limit/notre-dame-basilica-montreal-cr-getty.jpg"
 -L5YWGy_DiQzNg4_R6fO,https://encrypted-tbn0.gstatic.com/images?q=tbn:ANd9GcQE8jSF0sUGrq_4F06wQBNlb73BHBjKtMmhd4hCk1mbLeFWfQpd
 -L5YWGy_DiQzNg4_R6fP,https://lh3.googleusercontent.com/snoWAHl9zgAvdmvh1EkWNTeVocOESHqzb9QeKl-FYqLk5UIb1XsIG_YIb9nGufSmgRgjNomoU3mMUD9UHPxEerMFqyKq7ZUV=s688
 -L5YWGy_DiQzNg4_R6fP,https://static2.tripoto.com/media/filter/nl/img/15546/TripDocument/taj_mahal_2.jpeg
 -L5YWGy_DiQzNg4_R6fP,https://encrypted-tbn0.gstatic.com/images?q=tbn:ANd9GcQI40GP9lyItD9CDJHdV-SMgr-QB7I1ktExziqk_svKQzT4eRX8
 -L5YWGyapEgcPoCf13eM,https://encrypted-tbn0.gstatic.com/images?q=tbn:ANd9GcT9FzMkSaldEogKoUpXZ1VjXnnO-AisyXQrPF2X6Br8uiubjHUF
 -L5YWGyapEgcPoCf13eM,https://encrypted-tbn0.gstatic.com/images?q=tbn:ANd9GcQFYZS5YJJJ0O2ObvMkFtFVk8eiusBzKv2vlgx1cLURjigF4njkOg
 -L5YWGyapEgcPoCf13eM,https://upload.wikimedia.org/wikipedia/commons/thumb/f/fa/Place_de_la_Concorde_from_the_Eiffel_Tower%2C_Paris_April_2011.jpg/1200px-Place_de_la_Concorde_from_the_Eiffel_Tower%2C_Paris_April_2011.jpg
 -L5YWGyapEgcPoCf13eN,https://encrypted-tbn0.gstatic.com/images?q=tbn:ANd9GcT5nOAxF1CpFncen-U37q4j8uU7xpa7xQ-dsrlDZkMiuWk5BXGy
 -L5YWGyapEgcPoCf13eN,https://encrypted-tbn0.gstatic.com/images?q=tbn:ANd9GcThjgUUl95HA2Vy3WyA8ZDxF1H4ZjP8tevd6AopKoSFExul0Nsd4Q
 -L5YWGyapEgcPoCf13eN,https://encrypted-tbn0.gstatic.com/images?q=tbn:ANd9GcS0QhEuRD8Pt7nkuENSZTICUtdxMrLYRlt1rHyqjX8moYHjWkln
 -L5YWGybTcnqp5qjSlc7,https://encrypted-tbn0.gstatic.com/images?q=tbn:ANd9GcSUwIg4lg3yk1Fb2EGAY6Rj77tnPh_k6XqPM-f-UapAPwcyG0-L
 -L5YWGybTcnqp5qjSlc7,https://encrypted-tbn0.gstatic.com/images?q=tbn:ANd9GcTIujv9_xRuinP1VkipQ67SHTLDHAo_jD-uXfVM9H4zeVB_dBGA
 -L5YWGybTcnqp5qjSlc7,https://upload.wikimedia.org/wikipedia/commons/thumb/9/95/Place_de_la_Victoire%2C_Paris_13_August_2016_001.jpg/1200px-Place_de_la_Victoire%2C_Paris_13_August_2016_001.jpg
 -L5YWGyceFL7fnO5QIX5,http://autograph-abp.co.uk/images/made/_Z6B3848_Flat_copy_405_539_80_s.jpg
 -L5YWGyceFL7fnO5QIX5,http://www.nearbylocation.in/wp-content/uploads/2017/07/romantic-place-in-delhi.jpg
 -L5YWGyceFL7fnO5QIX5,https://upload.wikimedia.org/wikipedia/commons/thumb/4/4d/P1010881_Paris_I-II_place_des_Victoire_reductwk.JPG/1200px-P1010881_Paris_I-II_place_des_Victoire_reductwk.JPG
 -L5YWGydNNLG6pH1Zilm,https://encrypted-tbn0.gstatic.com/images?q=tbn:ANd9GcSK6hy35hVuQYNvXbfiRi8BqULIQgNlV6wHWez_y7Az4O1N2M9e
 -L5YWGydNNLG6pH1Zilm,https://media-cdn.tripadvisor.com/media/photo-s/02/fa/66/57/saltcote-place-rye.jpg
 -L5YWGydNNLG6pH1Zilm,https://s-ec.bstatic.com/images/hotel/max1024x768/662/66245030.jpg
 -L5YWGydNNLG6pH1Ziln,http://cloud.transindiatravels.com/wp-content/uploads/akbars-tomb-agra.jpg
 -L5YWGydNNLG6pH1Ziln,https://encrypted-tbn0.gstatic.com/images?q=tbn:ANd9GcSzT21_-gKoFMJIcP4vYm6UOPpzDdKf6mTbjjn_KOpgGVPl2miltg
 -L5YWGydNNLG6pH1Ziln,http://cdn.touropia.com/gfx/d/famous-temples/harmandir_sahib.jpg?v=9f82045a64a5a2a828bf158c2568cfc8
 -L5YWGyeHqkq4Ag9CZyP,https://www.gardenvisit.com/uploads/image/image/126/12620/titsey_place_house_original.jpg
 -L5YWGyeHqkq4Ag9CZyP,http://cloud.transindiatravels.com/wp-content/uploads/jama-masjid-delhi.jpg
 -L5YWGyeHqkq4Ag9CZyP,https://encrypted-tbn0.gstatic.com/images?q=tbn:ANd9GcQUxA026P0NoooG8wC7WVghkxFN4lzjmtH6sWD4RkmjdJowThP5
 -L5YWGyeHqkq4Ag9CZyQ,https://encrypted-tbn0.gstatic.com/images?q=tbn:ANd9GcQ0aTiM-pyjWs5Be3klnsumAJ_ptgVF_ILvEmvRTQULz0N52GS7ug
 -L5YWGyeHqkq4Ag9CZyQ,https://pbs.twimg.com/media/DVq7HNSU0AEvvBJ.jpg
 -L5YWGyeHqkq4Ag9CZyQ,https://www.mapsofindia.com/india-images/delhi/places-of-interest/connaught_place/Connaugh-Place-office-buildings-from-Central-Park.JPG
 -L5YWGyfAol2y8KTxZyh,"https://media.cntraveler.com/photos/58d2c0a49033b024213c8e7c/master/w_775,c_limit/miyajima-torii-gate-GettyImages-460861177.jpg"
 -L5YWGyfAol2y8KTxZyh,https://seaworld.scdn3.secure.raxcdn.com/philadelphia/-/media/sesame-place-langhorne/images/social-module/260x260_splashcastle.ashx?version=1_201706135742
 -L5YWGyfAol2y8KTxZyh,http://whc.unesco.org/uploads/thumbs/site_0229_0001-750-0-20151104121955.jpg
 -L5YWGygUEzsg2d7BMiH,http://okanagan.housing.ubc.ca/wp-content/uploads/2014/07/ores_M_exterior1_1170x660.jpg
 -L5YWGygUEzsg2d7BMiH,https://encrypted-tbn0.gstatic.com/images?q=tbn:ANd9GcQpbVtJ5fYp9jU2vUiW7LOzli-paknRJHv6h50ffJDF3_-8p-PKjA
 -L5YWGygUEzsg2d7BMiH,https://redditupvoted.files.wordpress.com/2017/04/place-hero-3d.png?crop=0px%2C24px%2C1024px%2C495px&resize=1200%2C580
 -L5YWGygUEzsg2d7BMiI,https://upload.wikimedia.org/wikipedia/commons/thumb/0/0a/Place_Vend%C3%B4me_-_Panorama.jpg/600px-Place_Vend%C3%B4me_-_Panorama.jpg
 -L5YWGygUEzsg2d7BMiI,https://cdn.cnn.com/cnnnext/dam/assets/171201170757-08-where-to-go-january-puerto-vallarta-large-169.jpg
 -L5YWGygUEzsg2d7BMiI,https://encrypted-tbn0.gstatic.com/images?q=tbn:ANd9GcRFlFTnr56kcWfl9wb7ezqTjFGevJpuM6pb_TXoxeyGWEjghsuc
 -L5YWGyhvmvhqR5sqhXG,https://encrypted-tbn0.gstatic.com/images?q=tbn:ANd9GcTeLtJiucftWAI4DSu-IYsp9SaCn7hsH4pFnxxN_y3GjvWlVPwM
 -L5YWGyhvmvhqR5sqhXG,https://encrypted-tbn0.gstatic.com/images?q=tbn:ANd9GcQHW0WXKWDTz0V62eSB2DW0l5h0IjOm9X2mer7D__nU6kARE8d0
 -L5YWGyhvmvhqR5sqhXG,https://bangladeshresult.com/wp-content/uploads/2016/07/Best-10-Traveling-Place-of-Bangladesh.jpg
 -L5YWGyiZLOG3O800iqZ,https://encrypted-tbn0.gstatic.com/images?q=tbn:ANd9GcRG2RW6V7i1kOZOAw6BbnlvHuAKJwi7NxjwZQziSTPROtv743rA
 -L5YWGyiZLOG3O800iqZ,https://encrypted-tbn0.gstatic.com/images?q=tbn:ANd9GcSWsTe4-IGUtUzZhc531ZghS6Hvm7FkYNSTQiurb8THcv-WAazl
 -L5YWGyiZLOG3O800iqZ,https://static01.nyt.com/newsgraphics/2016/09/27/places-to-go-2017/assets/images/agra-portrait-320.jpg
 -L5YWGyjqHUVuMrCekZw,https://encrypted-tbn0.gstatic.com/images?q=tbn:ANd9GcRVEoCkydZpESd9qnPykJqLi-QPB7gXzr7g-0v7Gz5Koi5T6VJ_OA
 -L5YWGyjqHUVuMrCekZw,https://igx.4sqi.net/img/general/200x200/78787_kUhQ3O5R-XZnW1Qg9824F17XbPDSgpwVxcwKwjbgf0s.jpg
 -L5YWGyjqHUVuMrCekZw,http://www.indiainmaps.com/tourist-places/images/bhopal-tourist-place-3big.jpg
 -L5YWGykmCLfPKrbODN-,https://st.depositphotos.com/1010338/1333/i/950/depositphotos_13334633-stock-photo-empty-wooden-signpost-on-idyllic.jpg
 -L5YWGykmCLfPKrbODN-,http://www.thehindu.com/news/national/tamil-nadu/article19783797.ece/alternates/FREE_660/TEMPLE
 -L5YWGykmCLfPKrbODN-,https://encrypted-tbn0.gstatic.com/images?q=tbn:ANd9GcSjKnxc1e2w2IqC2gIUnhKYg0HZHKv69i_JnIvfozUK72r6xTc_
 -L5YWGyl2p5yUExbxTla,http://www.this-place.org/assets/54bcf5da5dde22a32000036d.jpg
 -L5YWGyl2p5yUExbxTla,https://www.ahstatic.com/photos/1068_de_04_p_2048x1536.jpg
 -L5YWGyl2p5yUExbxTla,http://assets.rogersplace.com/wp-content/uploads/2013/10/18214545/view09b-aerial-arena-filter1-stamped.1000.jpg
 -L5YWGymo8oPyDt_T9or,https://www.holidify.com/blog/wp-content/uploads/2014/06/hampi.jpg
 -L5YWGymo8oPyDt_T9or,https://upload.wikimedia.org/wikipedia/commons/thumb/0/03/Place_Saint-Michel%2C_Paris_June_2010.jpg/1200px-Place_Saint-Michel%2C_Paris_June_2010.jpg
 -L5YWGymo8oPyDt_T9or,https://fm.cnbc.com/applications/cnbc.com/resources/img/editorial/2017/11/28/104864672-3ED2-RW-112817-BestPlacesToRetire.600x400.jpg?v=1511878451
 -L5YWGymo8oPyDt_T9os,https://thumbor.forbes.com/thumbor/960x0/smart/https%3A%2F%2Fspecials-images.forbesimg.com%2Fdam%2Fimageserve%2F788274790%2F960x0.jpg%3Ffit%3Dscale
 -L5YWGymo8oPyDt_T9os,https://encrypted-tbn0.gstatic.com/images?q=tbn:ANd9GcRJ3UpPGxynkV51DsW9yX46sCWW55OFBc-3Nq8KlxNfFAoZ9PVw
 -L5YWGymo8oPyDt_T9os,http://im.hunt.in/cg/Srinagar/City-Guide/places-sonamarg.jpg
 -L5YWGynqrtQ3wLWyB-c,https://encrypted-tbn0.gstatic.com/images?q=tbn:ANd9GcQjsTcKlQfPl0qTPgF-9sdMQAtw88YrZrKi5Gl1RzDmhFAY4I4U
 -L5YWGynqrtQ3wLWyB-c,https://t-ec.bstatic.com/images/hotel/max1024x768/627/62756428.jpg
 -L5YWGynqrtQ3wLWyB-c,https://www.tudorplace.org/wp-content/themes/tudor2013/images/home/1471290625.jpg
 -L5YWGyoAYlabhlfVVnx,https://dullesairporteast.place.hyatt.com/content/dam/PropertyWebsites/place/iadzh/Media/All/Hyatt-Place-Herndon-Dulles-Airport-East-P013-Dulles-Airport.masthead-feature-panel-medium.jpg
 -L5YWGyoAYlabhlfVVnx,https://i.pinimg.com/736x/30/da/43/30da435f4b618f05a8ba3d387d3e2730--best-places-to-visit-places-to-go-travel.jpg
 -L5YWGyoAYlabhlfVVnx,https://www.digitalinfrastructures.eu/sites/default/files/bigstock-Grand-Markt-Square-In-Brussels-187223989%20%282%29_0.jpg
 -L5YWGyoAYlabhlfVVny,"https://media.wired.com/photos/5a833f3af6b8e47907fd88cc/4:3/w_3543,c_limit/063_park.jpg"
 -L5YWGyoAYlabhlfVVny,https://igx.4sqi.net/img/general/200x200/45206728_1Roul0oPQJp7bp_PvEr4jQjioirurWyaXQfbjdO24PU.jpg
 -L5YWGyoAYlabhlfVVny,http://cdn.touropia.com/gfx/d/tourist-attractions-in-turkey/blue_mosque.jpg?v=28dd1740deee3f2dffc766334f2f5857
 -L5YWGyp68QbFSv-HjL_,https://encrypted-tbn0.gstatic.com/images?q=tbn:ANd9GcTLX3f7-7Fqe4WC1P8fNE2clz1j48CxjTvbSyVt0j9AnZhuj4ZOOA
 -L5YWGyp68QbFSv-HjL_,http://serbia-the-place-to-be.serbia.travel/assets/img/instawall_image5.jpg
 -L5YWGyp68QbFSv-HjL_,https://travel.usnews.com/static-travel/images/destinations/279/bali_pura2_ulun_danu_bratan_temple_sun_getty_afriandi_445x280.jpg
 -L5YWGyqkpuNNufolJkn,http://www.this-place.org/assets/1k_JW_54b5675a5dde22b976000090_extension.jpg
 -L5YWGyqkpuNNufolJkn,https://imagesvc.timeincapp.com/v3/mm/image?url=http%3A%2F%2Fcdn-image.travelandleisure.com%2Fsites%2Fdefault%2Ffiles%2Fstyles%2F1600x1000%2Fpublic%2F1515190109%2Fluang-prabang-laos-GOASIAJAN0118.jpg%3Fitok%3D8EGqxDdV&w=700&q=85
 -L5YWGyqkpuNNufolJkn,http://www.ontarioplace.com/sites/all/themes/professional_theme/images/slide-image-1.jpg
 -L5YWGyqkpuNNufolJko,https://static01.nyt.com/newsgraphics/2014/01/12/places-to-go/assets/images/indonesia-900.jpg
 -L5YWGyqkpuNNufolJko,https://yt3.ggpht.com/a-/AJLlDp3zJZ0sdo5xeaqro8u2BOWiEFVor8Cxulfq1w=s900-mo-c-c0xffffffff-rj-k-no
 -L5YWGyqkpuNNufolJko,https://upload.wikimedia.org/wikipedia/commons/thumb/d/da/The_Parthenon_in_Athens.jpg/290px-The_Parthenon_in_Athens.jpg
 -L5YWGysJjS_8tvv3bT5,http://societeagil.org/documents/image/place-jpr-3.jpg
 -L5YWGysJjS_8tvv3bT5,https://i.pinimg.com/736x/3f/e8/f4/3fe8f40a78fd5cc947fb802965b021d6--world-beautiful-places-wonderful-places.jpg
 -L5YWGysJjS_8tvv3bT5,https://metrouk2.files.wordpress.com/2015/09/gettyimages-523423657.jpg?w=964&h=631&crop=1
 -L5YWGysJjS_8tvv3bT6,https://santafe.place.hyatt.com/content/dam/PropertyWebsites/place/safzs/Media/All/1280x427xHyatt-Place-Santa-Fe-Hotel-Exterior.jpg.pagespeed.ic.UwJ5eVYFiB.jpg
 -L5YWGysJjS_8tvv3bT6,http://allthatsinteresting.com/wordpress/wp-content/uploads/2015/05/hottest-place-earth-salt-deposits.jpg
 -L5YWGysJjS_8tvv3bT6,http://www.quickgs.com/wp-content/uploads/2015/08/Untitled.jpg
 -L5YWGz0SsujnY_At8zf,https://qph.fs.quoracdn.net/main-qimg-4fb7c7d073d5392f367fcdcea49fee88
 -L5YWGz0SsujnY_At8zf,https://amp.businessinsider.com/images/55d1eb352acae7c23f8be1c4-750-500.jpg
 -L5YWGz0SsujnY_At8zf,http://cdn.touropia.com/gfx/d/best-places-to-visit-in-turkey/ankara.jpg?v=1
 -L5YWGz0SsujnY_At8zg,https://davidwolfecom-xt0mxgicgroc.stackpathdns.com/wp-content/uploads/2016/01/shutterstock_227981773-e1454161826372.jpg
 -L5YWGz0SsujnY_At8zg,http://cdn.cnn.com/cnnnext/dam/assets/140630134917-12-canada-most-beautiful-places-super-tease.jpg
 -L5YWGz0SsujnY_At8zg,https://media.gettyimages.com/photos/pike-place-market-seattle-washington-picture-id518551304?s=612x612
 -L5YWGz2E75re7jGs0yq,http://www.abac-bd.com/wp-content/uploads/Tomb-of-Bibi-Pari-Lalbagh-Fort.jpg?x26400
 -L5YWGz2E75re7jGs0yq,https://3.bp.blogspot.com/-Bf9ukwD27XY/VstdkgyjJgI/AAAAAAAAADc/LqGyat2Qofk/s1600/Hindu-Temples.jpg
 -L5YWGz2E75re7jGs0yq,http://www.abac-bd.com/wp-content/uploads/Central-Shaheed-Minar.jpg?x26400
 -L5YWGz2E75re7jGs0yr,https://3.bp.blogspot.com/-6cZ2UBLo5mg/VnSF6JhC0cI/AAAAAAAAANc/eb5EpwFSgLs/s1600/Khagrachari.jpg
 -L5YWGz2E75re7jGs0yr,http://www.studentstation.com/PicStory/images/818x502/boga-lak.jpg
 -L5YWGz2E75re7jGs0yr,http://www.abac-bd.com/wp-content/uploads/Shat-Gombuj-Mosque.jpg?x26400
 -L5YWGz3cQY3BKbVCyIh,http://tourtoday.com.bd/wp-content/uploads/2017/07/Malonichora-tea-garden-best-tourist-place-in-sylhet.jpg
 -L5YWGz3cQY3BKbVCyIh,https://c1.staticflickr.com/3/2914/14102667033_3040186e2c_b.jpg
 -L5YWGz3cQY3BKbVCyIh,http://www.travel-images.com/pht/algeria203.jpg
 -L5YWGz4ZtsRtlg7Db0F,http://www.abac-bd.com/wp-content/uploads/Mainamati-Comilla.jpg?x26400
 -L5YWGz4ZtsRtlg7Db0F,https://upload.wikimedia.org/wikipedia/commons/6/6a/Ahsan-Manzil.jpg
 -L5YWGz4ZtsRtlg7Db0F,https://encrypted-tbn0.gstatic.com/images?q=tbn:ANd9GcScmYJpSePuQ9ylrg7zs9Z3dIfZCTW61HQr8s4cSHac4sQQPFHU
 -L5YWGz4ZtsRtlg7Db0G,https://www.thehauntedblog.com/wp-content/uploads/2016/06/foyslakepark.jpg
 -L5YWGz4ZtsRtlg7Db0G,http://www.dhakasouthcity.gov.bd/images/historical_place/htp_1400753998-25.jpg
 -L5YWGz4ZtsRtlg7Db0G,http://www.bangladeshembassy.de/wp-content/uploads/2016/09/12473935_1042245422507739_6107013339784497577_o.jpg
 -L5YWGz5UN_LVig3s1vk,http://www.dusairesorts.com/images/home/01.jpg
 -L5YWGz5UN_LVig3s1vk,https://upload.wikimedia.org/wikipedia/commons/2/2e/Ahsan_Manzil%2C_Bangladesh_National_Museum%2C_Dhaka%2C_Bangladesh.jpg
 -L5YWGz5UN_LVig3s1vk,https://i.ytimg.com/vi/w6oMIACwNDs/maxresdefault.jpg
 -L5YWGz5UN_LVig3s1vl,https://s-media-cache-ak0.pinimg.com/originals/74/bd/f8/74bdf895f83998766f92da284f362adb.jpg
 -L5YWGz5UN_LVig3s1vl,http://www.sakuratourbd.com/wp-content/uploads/2016/02/Dhakeshwari-Temple-dhaka.jpg
 -L5YWGz5UN_LVig3s1vl,https://bdwallpapergallery.files.wordpress.com/2012/04/800px-sangshad_2.jpg
 -L5YWGz6SZiJb7pV3AAT,http://4.bp.blogspot.com/-mEVioENiF5Q/USEOxwARlPI/AAAAAAAAHUk/AldgqZmJWPM/s1600/place-of-paradise-nilgiri-bangladesh-15.jpg
 -L5YWGz6SZiJb7pV3AAT,https://i.ytimg.com/vi/pGAW53i59HQ/maxresdefault.jpg
 -L5YWGz6SZiJb7pV3AAT,https://i.ytimg.com/vi/bfut6UzC_Zs/hqdefault.jpg
 -L5YWGz7DawWBVQfADZW,https://i.ytimg.com/vi/cfllIbJ2RMw/maxresdefault.jpg
 -L5YWGz7DawWBVQfADZW,http://2.bp.blogspot.com/-__ezPDP1UZo/T1RLa-PezhI/AAAAAAAAC8Q/ZKxExsBLkz8/s1600/PC280114.JPG
 -L5YWGz7DawWBVQfADZW,http://1.bp.blogspot.com/-DvxEPxAM7Rc/TatBpL6UIzI/AAAAAAAAABc/oAlOBOWs7e8/s1600/800px-National_Parliament_of_Bangladesh_at_night.jpg
 -L5YWGzA7FsVvVefBMp4,http://www.mafbangladesh.org/wp-content/themes/mafbd/images/bd-route-map.png
 -L5YWGzA7FsVvVefBMp4,https://www.yogsutra.com/wp-bdtg/uploads/2015/11/chandamari-mosque-kurigram.jpg
 -L5YWGzA7FsVvVefBMp4,http://tourtoday.com.bd/wp-content/uploads/2017/08/ilish-mawa-feri-ghat.jpg
 -L5YWGzBy-PxUPr8Xk0I,https://i.ytimg.com/vi/NcSVUWIjz3g/hqdefault.jpg
 -L5YWGzBy-PxUPr8Xk0I,https://i.ytimg.com/vi/k7hUumW4LQM/hqdefault.jpg
 -L5YWGzBy-PxUPr8Xk0I,https://amarkotha-bd.com/wp-content/uploads/2017/12/Sajek-Valley-Rangamati-Bangladesh-1.jpg
 -L5YWGzBy-PxUPr8Xk0J,https://i.ytimg.com/vi/9SgJyst5lV4/maxresdefault.jpg
 -L5YWGzBy-PxUPr8Xk0J,https://image.slidesharecdn.com/historicalplaceofbd-140723095929-phpapp01/95/historical-place-of-bd-4-638.jpg?cb=1406109825
 -L5YWGzBy-PxUPr8Xk0J,http://www.flyfaraway.net/images/slider/bangladesh4.jpg
 -L5YWGzC5N0r740qFcl0,http://www.pinterest.com.bd/pics/3.jpg
 -L5YWGzC5N0r740qFcl0,https://i.pinimg.com/736x/a9/bc/f6/a9bcf6362636921273eb278c9b997785--place.jpg
 -L5YWGzC5N0r740qFcl0,https://amarkotha-bd.com/wp-content/uploads/2017/12/Panam-city-sonargaon-Bangladesh-1.jpg
 -L5YWGzDAgjsN8Ri0s_N,http://hotel.com.bd/wp-content/uploads/2017/03/sylhet-hotel.com_.bd_.jpg
 -L5YWGzDAgjsN8Ri0s_N,http://www.primetourism.net.bd/slide/himachal/06.jpg
 -L5YWGzDAgjsN8Ri0s_N,https://image.slidesharecdn.com/historicalplaceofbd-140723095929-phpapp01/95/historical-place-of-bd-2-638.jpg?cb=1406109825
 -L5YWGzEGsHjDWvf-DWo,https://i.ytimg.com/vi/C3B85oqw3t8/hqdefault.jpg
 -L5YWGzEGsHjDWvf-DWo,https://www.beautifulmosque.com/PostImages/bagha-mosque-in-rajshahi-bangladesh.jpg
 -L5YWGzEGsHjDWvf-DWo,http://www.unb.com.bd/media/imgAll/August2017/BG/hc64-201710090839.jpg
 -L5YWGzEGsHjDWvf-DWp,https://media-exp2.licdn.com/mpr/mpr/AAEAAQAAAAAAAAVIAAAAJDg2NzU3Njg2LWFhZTEtNDFhMS1iOGFiLTY0Nzc5NTU2OTJjOQ.jpg
 -L5YWGzEGsHjDWvf-DWp,https://image.slidesharecdn.com/historicalplaceofbd-140723095929-phpapp01/95/historical-place-of-bd-1-638.jpg?cb=1406109825
 -L5YWGzEGsHjDWvf-DWp,https://upload.wikimedia.org/wikipedia/commons/thumb/9/92/Shiva_temples_Dhakeshwari_Mandir_2_by_Ragib_Hasan.jpg/1200px-Shiva_temples_Dhakeshwari_Mandir_2_by_Ragib_Hasan.jpg
 -L5YWGzF2Qkd2PS3RbDc,https://encrypted-tbn0.gstatic.com/images?q=tbn:ANd9GcToyMR9yVmj_bBLTrcgRtAvSS6dGWpKRbMG_riaRhTe5FPiMLS3
 -L5YWGzF2Qkd2PS3RbDc,http://tourtoday.com.bd/wp-content/uploads/2017/07/Ratargul-Swamp-Forest.jpg
 -L5YWGzF2Qkd2PS3RbDc,https://i.ytimg.com/vi/OBZU0Dy8f7M/maxresdefault.jpg
 -L5YWGzF2Qkd2PS3RbDd,https://amarkotha-bd.com/wp-content/uploads/2017/12/Saint-Martins-beach-Bangladesh-1.jpg
 -L5YWGzF2Qkd2PS3RbDd,http://www.primetourism.net.bd/slide/assam/06.jpg
 -L5YWGzF2Qkd2PS3RbDd, https://c1.staticflickr.com/9/8369/8370395169_aaca5c9efb_b.jpg
 -L5YWGzGQVqMKQ0Grs8w,https://encrypted-tbn0.gstatic.com/images?q=tbn:ANd9GcTDmUkEkGLBaPkPwAC8o54cA7G5NTUNNS8stDmJ1MD5ENNzbwVwSA
 -L5YWGzGQVqMKQ0Grs8w,https://i.ytimg.com/vi/UYiPaZfZNQ4/hqdefault.jpg
 -L5YWGzGQVqMKQ0Grs8w,https://upload.wikimedia.org/wikipedia/commons/thumb/e/ef/Sangu_River_from_Bandarban_Town%2C_18_Nov%2C_2004.JPG/1200px-Sangu_River_from_Bandarban_Town%2C_18_Nov%2C_2004.JPG
 -L5YWGzH25nodc2yi6hp,http://1.bp.blogspot.com/-ovZ52AHImT4/Ts3cgM7LuYI/AAAAAAAAAOU/F8TWHfR4xjI/s1600/Panam+Nagar.JPG
 -L5YWGzH25nodc2yi6hp,http://buadc.edu.bd/wp-content/uploads/2015/07/Tangail_mosque.jpg
 -L5YWGzH25nodc2yi6hp,https://media-cdn.tripadvisor.com/media/photo-s/07/59/87/02/getlstd-property-photo.jpg
 -L5YWGzM2W157gVV_ZsI,http://www.bdlandarch.com/wp-content/uploads/2016/11/BD-Landscape-Architects-West-Green-Place-Feature-image.jpg
 -L5YWGzM2W157gVV_ZsI,https://www.nibizsoft.com/core/uploads/2015/12/10932099_571734019629699_448561986_n.jpg
 -L5YWGzM2W157gVV_ZsI,https://image.slidesharecdn.com/historicalplaceofbd-140723095929-phpapp01/95/historical-place-of-bd-5-638.jpg?cb=1406109825
 -L5YWGzNoFQrXMWL42wX,http://www.pinterest.com.bd/pics/5.jpg
 -L5YWGzNoFQrXMWL42wX,https://amarkotha-bd.com/wp-content/uploads/2017/12/Kuakata-sea-beach-Bangladesh-1.jpg
 -L5YWGzNoFQrXMWL42wX,http://coxsbazar-bd.com/img/visiting-place/st.martin1.jpg
 -L5YWGzNoFQrXMWL42wY,https://i.pinimg.com/736x/84/86/0e/84860e4c608ce59b5c40815f37d53ada--national-language-wallpaper-pictures.jpg
 -L5YWGzNoFQrXMWL42wY,https://i.pinimg.com/736x/f0/e2/00/f0e20020f9c7a2184ba69111fceba97c--place.jpg
 -L5YWGzNoFQrXMWL42wY,https://amarsoby.files.wordpress.com/2012/04/bd-national-memorial.jpg
 -L5YWGzOruJcazJK9_f4,https://i.ytimg.com/vi/OmTk8UrRac4/maxresdefault.jpg
 -L5YWGzOruJcazJK9_f4,https://image.slidesharecdn.com/historicalplaceofbd-140723095929-phpapp01/95/historical-place-of-bd-3-638.jpg?cb=1406109825
 -L5YWGzOruJcazJK9_f4,https://i.pinimg.com/736x/2a/5e/68/2a5e68c6ae3192cf93cdf5746688b4d7--places-to-go-natural-beauty.jpg
 -L5YWGzPDqGLjTVaG0aC,https://www.kikinben.com/pub/media/catalog/product/cache/image/720x660/e9c3970ab036de70892d86c6d221abfe/j/u/juvias-place-the-zulu-eyeshadow-palette.jpg
 -L5YWGzPDqGLjTVaG0aC,https://i.ytimg.com/vi/ZYgcMkB8CdA/maxresdefault.jpg
 -L5YWGzPDqGLjTVaG0aC,http://www.dpp.gov.bd/upload_images/gallery/21_bangladesh-kaptai2.jpg
 -L5YWGzPDqGLjTVaG0aD,http://www.unb.com.bd/media/imgAll/August2017/BG/Bangladesh-supreme-court1-201710160220.jpg
 -L5YWGzPDqGLjTVaG0aD,https://i.ytimg.com/vi/Vfzk1X8zXbc/hqdefault.jpg
 -L5YWGzPDqGLjTVaG0aD,http://tajuddin.whitepagesbd.com/img/20091111191133.JPG
 -L5YWGzQUP1Tjcz5pUtD,https://image.slidesharecdn.com/themosthistoricalplaceinbangldeshpresentationpreparedby-marufsharia-150312151341-conversion-gate01/95/the-most-historical-place-in-bangladesh-3-638.jpg?cb=1426191289
 -L5YWGzQUP1Tjcz5pUtD,https://i.pinimg.com/736x/57/f3/88/57f388c802e54e2228493324d6f3f310--bangladesh-beautiful-places.jpg
 -L5YWGzQUP1Tjcz5pUtD,https://i.ytimg.com/vi/sFbYNYjHoP8/maxresdefault.jpg
 -L5YWGzQUP1Tjcz5pUtE,http://tourtoday.com.bd/wp-content/uploads/2017/07/Lalakhal-most-attractive-tourist-spot-in-sylhet.jpg
 -L5YWGzQUP1Tjcz5pUtE,http://www.thepages.com.bd/wp-content/uploads/2017/10/Sajek-Khagrachori-Chittagong-Bangladesh-1.jpg
 -L5YWGzQUP1Tjcz5pUtE,http://2.bp.blogspot.com/-QkzZcbawNks/UDHVs40v1tI/AAAAAAAAAU0/YPCg1TiPZjQ/s1600/st-martin-island-re.jpg
 -L5YWGzREtEM27tPSqzW,http://icmeas.conf.mist.ac.bd/wp-content/uploads/2016/10/maxresdefault.jpg
 -L5YWGzREtEM27tPSqzW,https://i.pinimg.com/736x/fd/f3/9d/fdf39da055ff82ea4a140a9638d64c4e--place.jpg
 -L5YWGzREtEM27tPSqzW,https://i.pinimg.com/736x/57/b2/6c/57b26c081ec55f8a78b255304b0d90d7--brick-bangladesh.jpg
 -L5YWGzSzFxk8Kp4z-SF,https://i.ytimg.com/vi/VWis1KsVeIo/maxresdefault.jpg
 -L5YWGzSzFxk8Kp4z-SF,https://upload.wikimedia.org/wikipedia/commons/7/75/Chomel_Augustin_immeuble_BD_Croix_Rousse_8_place_tabareau.jpg
 -L5YWGzSzFxk8Kp4z-SF,https://www.btibd.com/wp-content/uploads/2017/09/Orcherd-Place-3-copy.jpg
 -L5YWGzWGlkW76G7b7ji,https://upload.wikimedia.org/wikipedia/commons/6/6a/Buddha_Dhatu_Zadi01.jpg
 -L5YWGzWGlkW76G7b7ji,https://i.pinimg.com/736x/9a/f1/c6/9af1c66257684d10c95b5f4cde82acda--place.jpg
 -L5YWGzWGlkW76G7b7ji,http://www.pinterest.com.bd/pics/26.jpg
 -L5YWGzX0Nkm9LEsN4o5,https://s-media-cache-ak0.pinimg.com/originals/24/c7/23/24c723067df7fca90cb3dad9abd2cb3e.jpg
 -L5YWGzX0Nkm9LEsN4o5,http://picproxy.topixcdn.com/gallery/up-KCKG13OBPNE8DJOR.jpg
 -L5YWGzX0Nkm9LEsN4o5,https://encrypted-tbn0.gstatic.com/images?q=tbn:ANd9GcR8zZG6NFzVEoxBcBm7E3AqfR3kk7XBqOLEruhjdq4wMXP1YXMi
 -L5YWGzX0Nkm9LEsN4o6,https://encrypted-tbn0.gstatic.com/images?q=tbn:ANd9GcTdLiHH-15ImATKeQx-LG4xu025I9FMBCvWjDewrOtADCcPw-cvjQ
 -L5YWGzX0Nkm9LEsN4o6,http://coxsbazar-bd.com/img/visiting-place/Moheshkhali.jpg
 -L5YWGzX0Nkm9LEsN4o6,https://s-media-cache-ak0.pinimg.com/originals/87/ba/55/87ba5519a2a0060253119793302bb9c0.jpg
 -L5YWGzYA0QOnHV-8u8y,http://ranakmartin.files.wordpress.com/2014/04/kb_10.jpg
 -L5YWGzYA0QOnHV-8u8y,https://c1.staticflickr.com/9/8425/7837551708_0e78934b1e_b.jpg
 -L5YWGzYA0QOnHV-8u8y,http://3.bp.blogspot.com/-m3kWMatL_yE/UQkU0ZhMLII/AAAAAAAABdg/wGh3Y4PV98U/s640/Dinajpur.jpg
 -L5YWGz_NY-9GJKoGsDh,http://www.holidayclubtours.com.bd/img/blog/saintmartin_tour.jpg
 -L5YWGz_NY-9GJKoGsDh,https://encrypted-tbn0.gstatic.com/images?q=tbn:ANd9GcS7dYv1-WXelV0AGtLMLvAHJdjLaanH39vqSY9MQ4njz3Wj_34z
 -L5YWGz_NY-9GJKoGsDh,http://www.expeditions-bd.com/wp-content/uploads/2016/10/kuakata.jpg
 -L5YWGzaSNK9ftS4QOfS,http://www.tourtobangladesh.com/images/ROYAL-RESORT.gif
 -L5YWGzaSNK9ftS4QOfS,https://i.ytimg.com/vi/6p06TRvQenk/maxresdefault.jpg
 -L5YWGzaSNK9ftS4QOfS,http://www.travel-images.com/pht/algeria217.jpg
 -L5YWGzbYD4w1YheyqhQ,https://i.ytimg.com/vi/6lRn4K-bFbw/maxresdefault.jpg
 -L5YWGzbYD4w1YheyqhQ,http://tourtoday.com.bd/wp-content/uploads/2017/02/place-of-parshuram.jpg
 -L5YWGzbYD4w1YheyqhQ,http://www.lamudi.com.bd/journal/wp-content/uploads/2014/04/hong-kong-view-from-the-peak-shutterstock-maincrop.jpg
 -L5YWGzbYD4w1YheyqhR,https://i.ytimg.com/vi/vyaHo7t6oe0/hqdefault.jpg
 -L5YWGzbYD4w1YheyqhR,https://upload.wikimedia.org/wikipedia/commons/thumb/7/75/Chomel_Augustin_immeuble_BD_Croix_Rousse_8_place_tabareau.jpg/2848px-Chomel_Augustin_immeuble_BD_Croix_Rousse_8_place_tabareau.jpg
 -L5YWGzbYD4w1YheyqhR,http://3.bp.blogspot.com/-pdPsU0PQxWY/T1RLg-WmZ8I/AAAAAAAAC8o/DX1fpG9fxis/s1600/PC280116.JPG
 -L5YWGzcCTGtTdXm-Pt8,https://i.ytimg.com/vi/jeeJir48Jjk/maxresdefault.jpg
 -L5YWGzcCTGtTdXm-Pt8,http://skywaystoursbd.com/admin/images/1002%20%20Tajhat%20Rajbari.jpg
 -L5YWGzcCTGtTdXm-Pt8,https://i.ytimg.com/vi/TSRVymWFJl8/maxresdefault.jpg
 -L5YWGzcCTGtTdXm-Pt9,https://i.ytimg.com/vi/3-r_97aPUmA/hqdefault.jpg
 -L5YWGzcCTGtTdXm-Pt9,https://steemitimages.com/DQmZHEkbCCNor2athVbgaUTGxhFHhYzuDt1Lfmb7Zhtt1g1/15562329122_a44a841158_h.jpg
 -L5YWGzcCTGtTdXm-Pt9,https://i.pinimg.com/736x/5d/83/60/5d836076e5b9462173c0933986d7cda7--place.jpg
 -L5YWGzd54VQ7qsjewf1,https://encrypted-tbn0.gstatic.com/images?q=tbn:ANd9GcRyXv5LQAMyofME1Ib1N7BEPwYBTx2rVIYY22R7ziw7ews710Tplw
 -L5YWGzd54VQ7qsjewf1,http://www.travelieu.com/imagepath/Mymensingh-Pic-04.jpg
 -L5YWGzd54VQ7qsjewf1,https://i.pinimg.com/736x/a5/60/bd/a560bd39a7f479fe997ff04cc2ed778c--hindu-temple-beautiful-places.jpg
 -L5YWGzeecKnI92Evr9r,https://static01.nyt.com/images/2012/09/06/garden/06LOCATION4_SPAN/06JPLOCATION4-jumbo.jpg
 -L5YWGzeecKnI92Evr9r,https://onestep4ward.com/wp-content/uploads/2010/04/Mosque-in-Bangladesh.jpg
 -L5YWGzeecKnI92Evr9r,http://bestinfobd.com/wp-content/uploads/2013/12/Kushtia-bangladesh-picture.jpg
 -L5YWGzeecKnI92Evr9s,https://i1.wp.com/bestinfobd.com/wp-content/uploads/2013/12/Jamalpur-bangladesh-picture.jpg?fit=465%2C230
 -L5YWGzeecKnI92Evr9s,http://expeditionbd.com/wp-content/uploads/2014/07/1396717860969687990-1000x551.jpg
 -L5YWGzeecKnI92Evr9s,https://www.amarkotha-bd.com/wp-content/uploads/2017/12/Shiv-mondir-Puthia-Rajshahi-Bangladesh-1-1024x682.jpg
 -L5YWGzfzEkhBlq08yfF,https://voigtglobal.com/10654-large_default/bd-sensi-disc-8-place-self-tamping-dispenser-260660.jpg
 -L5YWGzfzEkhBlq08yfF,http://contextbd.com/wp-content/uploads/2017/01/feature_HC1_Context.jpg
 -L5YWGzfzEkhBlq08yfF,http://momandmebd.com/image/cache/data/product/cosmetics/bb3-ponds-bb-magic-powder-02-500x500.jpg
 -L5YWGzfzEkhBlq08yfG,http://holidaymapq.com/wp-content/uploads/2015/09/mohastangor-tourist-place-in-bangladesh-bd-jpg.jpg
 -L5YWGzfzEkhBlq08yfG,https://travel.jumia.com/blog/bd/wp-content/uploads/2016/10/Dhaka-660x400.jpg
 -L5YWGzfzEkhBlq08yfG,https://encrypted-tbn0.gstatic.com/images?q=tbn:ANd9GcQdiMGVGkT0ORD7JEeFXEhAqvz-4qe5ICMsH0nVQC2pCIZq0qnw7Q
 -L5YWGzgqImUs6K_BacD,http://tourtoday.com.bd/wp-content/themes/tour/images/travel-style-02.jpg
 -L5YWGzgqImUs6K_BacD,https://encrypted-tbn0.gstatic.com/images?q=tbn:ANd9GcQ3wCx-O3vy2lAEAqGDGYUz-JO5KNrcYhPYJe-CVKEcu5nAFnosUQ
 -L5YWGzgqImUs6K_BacD,http://offroadbangladesh.com/wp-content/uploads/2015/03/Karatia-Zamindar-BariRokia-Mahal-BD-explorer1-1024x657.jpg
 -L5YWGzh3JZApkSRDJ93,http://3.bp.blogspot.com/-mTSP0JcYe_A/VGBl7C2vSaI/AAAAAAAAAME/NafNgf2c3C4/s1600/SAM_0529_Small.JPG
 -L5YWGzh3JZApkSRDJ93,https://www.jovago.net/blog/bd/wp-content/uploads/2017/08/front-P01_PM-4.jpg
 -L5YWGzh3JZApkSRDJ93,https://imgcdn.mckesson.com/CumulusWeb/Images/High_Res/1196_420200_2.jpg
 -L5YWGzilsEdU8co_A5q,https://encrypted-tbn0.gstatic.com/images?q=tbn:ANd9GcTHFrK62u6kxX27zyAExH0COa18CPumSUT6A_1hh_GBVyGELlYoew
 -L5YWGzilsEdU8co_A5q,https://upload.wikimedia.org/wikipedia/commons/thumb/9/9c/%E0%A6%9C%E0%A6%BE%E0%A6%A4%E0%A7%80%E0%A6%AF%E0%A6%BC_%E0%A6%B8%E0%A7%8D%E0%A6%AE%E0%A7%83%E0%A6%A4%E0%A6%BF_%E0%A6%B8%E0%A7%8C%E0%A6%A7_-_The_National_Martyrs%27_Monument_of_Bangladesh.jpg/1200px-%E0%A6%9C%E0%A6%BE%E0%A6%A4%E0%A7%80%E0%A6%AF%E0%A6%BC_%E0%A6%B8%E0%A7%8D%E0%A6%AE%E0%A7%83%E0%A6%A4%E0%A6%BF_%E0%A6%B8%E0%A7%8C%E0%A6%A7_-_The_National_Martyrs%27_Monument_of_Bangladesh.jpg
 -L5YWGzilsEdU8co_A5q,http://www.offroadbangladesh.com/wp-content/uploads/2015/07/711-480x360.jpg
 -L5YWGzjYHZ1XKGpygc4,http://coxsbazar-bd.com/img/visiting-place/laboni.jpg
 -L5YWGzjYHZ1XKGpygc4,https://encrypted-tbn0.gstatic.com/images?q=tbn:ANd9GcRnhLEpjyUGtlFfCN1IAamudze6Etg4P-zJmXJnJupWGOBtAbbnJQ
 -L5YWGzjYHZ1XKGpygc4,http://www.holidayclubtours.com.bd/img/blog/sundarban_tour.jpg
 -L5YWGzjYHZ1XKGpygc5,https://orig00.deviantart.net/2858/f/2010/121/0/7/078de91e65bd066e0437f8fc1dcb039d.jpg
 -L5YWGzjYHZ1XKGpygc5,https://encrypted-tbn0.gstatic.com/images?q=tbn:ANd9GcShgvtR9itupR5scxtK29eX4LB-9OCfMP64Kb8OsePGh-LSLvGqDw
 -L5YWGzjYHZ1XKGpygc5,https://upload.wikimedia.org/wikipedia/commons/thumb/f/f2/Bangladesh_%28orthographic_projection%29.svg/2000px-Bangladesh_%28orthographic_projection%29.svg.png
 -L5YWGzk3-4nYAzjzdN8,https://encrypted-tbn0.gstatic.com/images?q=tbn:ANd9GcRbQa_-nWjKZWaKHxlDcNC_jXez5u0cdwxrpRqYUnYppmoaXbhX
 -L5YWGzk3-4nYAzjzdN8,https://allresultbd.com/wp-content/uploads/2015/02/Bangladesh-Supreme-Court.jpg
 -L5YWGzk3-4nYAzjzdN8,https://www.bikebd.com/wp-content/uploads/2013/06/bd-ghost-riderz.jpg
 -L5YWGzljUBN37WqbD-W,https://encrypted-tbn0.gstatic.com/images?q=tbn:ANd9GcQHPDpv4U2iPUDaU2n-wk5esSI60kzygfjH4h79O1zKclZLaKRPMQ
 -L5YWGzljUBN37WqbD-W,https://c1.staticflickr.com/6/5547/11122916656_77d67925e3_b.jpg
 -L5YWGzljUBN37WqbD-W,http://www.pathfriend-bd.com/wp-content/uploads/2016/10/Goldentemple-960x675.jpg
 -L5YWGzljUBN37WqbD-X,https://onlinebdshopping.com/wp-content/uploads/bfi_thumb/bd-32lvxydabfn70c7zn0gsga.jpg
 -L5YWGzljUBN37WqbD-X,https://d30fl32nd2baj9.cloudfront.net/media/2018/02/16/bangladesh-mymanmar-ministry-level-talks.jpg/ALTERNATES/w320/bangladesh-mymanmar-ministry-level-talks.jpg
 -L5YWGzljUBN37WqbD-X,https://static1.squarespace.com/static/57fc6758e6f2e19f5f2e4daa/t/5a716b6ae2c483d0962533e9/1517382516790/%243500+-+Prospect+Heights+Sterling+Place.jpg?format=750w
 -L5YWGzm9k9pfy8U_lvV,https://image.slidesharecdn.com/heritagesideinbd-161226123456/95/heritage-side-in-bd-7-638.jpg?cb=1482755707
 -L5YWGzm9k9pfy8U_lvV,https://i2.wp.com/www.techworld99.com/wp-content/uploads/2017/12/Symphony-V75m-BD-price.jpg
 -L5YWGzm9k9pfy8U_lvV,https://encrypted-tbn0.gstatic.com/images?q=tbn:ANd9GcS9wnD1xvN5VDs5bJ0T4R_n1yItvbiHLvmNd3jjtFTM5eBAWUO5zQ
 -L5YWGzm9k9pfy8U_lvW,https://encrypted-tbn0.gstatic.com/images?q=tbn:ANd9GcTSlF1ViQ-d_hgyQNQ_Jfy3mmKVN27YemXKeO7rf71xVdyfHd_e
 -L5YWGzm9k9pfy8U_lvW,https://encrypted-tbn0.gstatic.com/images?q=tbn:ANd9GcSM6Bvm5g8vvfD0S_ydOeuYXM2s4y_IhGTpJ72nENFG8T0utlZZ1w
 -L5YWGzm9k9pfy8U_lvW,https://2.bp.blogspot.com/-1tYR5inYnfE/Wd9yLT4fLUI/AAAAAAAAGGE/OyN4iuQLZsAHgN8KVNQBPBREiyZwRKyhwCLcBGAs/s1600/1.jpg
 -L5YWGzndcxEGky9YGZj,https://encrypted-tbn0.gstatic.com/images?q=tbn:ANd9GcTz0KDwt-bjmcfVZvkmdvTowU4eUHg9ye1G1iBldiYJBfHT_dBkMw
 -L5YWGzndcxEGky9YGZj,https://encrypted-tbn0.gstatic.com/images?q=tbn:ANd9GcSTKzqbldYIjVTt4hWQZzbLtShlEK0Ru-AtH1GQ-CFWSdken9Ce9g
 -L5YWGzndcxEGky9YGZj,http://www.travel-images.com/pht/algeria209.jpg
 -L5YWGzndcxEGky9YGZk,http://onlineeducare.com/wp-content/uploads/2013/10/7.jpg
 -L5YWGzndcxEGky9YGZk,http://greenwatchbd.com/wp-content/uploads/2017/04/6a402e58694f8328606c832cb888e303-480x336.jpg
 -L5YWGzndcxEGky9YGZk,http://2.bp.blogspot.com/-TczNjM2lCTA/UQDejGJD21I/AAAAAAAABWk/9m20JkMayEE/s640/Meherpur.jpg
 -L5YWGzo8Dipz5-atIap,http://www.sakuratourbd.com/wp-content/uploads/2016/02/Buddhist_Temple_at_Rangamati.jpg
 -L5YWGzo8Dipz5-atIap,"http://www.bdweddingplanners.com/resources/10%20Year%20Celebration%20News%20,%20BD%20Event%20Management%20,%20BD%20Wedding%20Planners%20,%20BD%20Party%20Planners,StylishWeddingCreator%20,%20BestInBangladesh,%20UniqueDecor,%20StageDecor,%20PassionateCreativeDesigner%20,Engr%20nehad%20,%20TOP%201%20Wedding%20Planners.jpg?timestamp=1512646743361"
 -L5YWGzo8Dipz5-atIap,https://encrypted-tbn0.gstatic.com/images?q=tbn:ANd9GcSg8i-Ol0YfGEilSO8PIog9zwrHaMqAyc752FZknn5D1C5vFqvm
 -L5YWGzp7DLpeiU49-AY,http://www.holidayclubtours.com.bd/img/portfolio/meghla_bandarban_bd.jpg
 -L5YWGzp7DLpeiU49-AY,http://mw2.google.com/mw-panoramio/photos/medium/90622454.jpg
 -L5YWGzp7DLpeiU49-AY,http://2.bp.blogspot.com/-_srx6ZNAejw/VieYCFRLYvI/AAAAAAAAAB4/kQLkDo6JsG4/s1600/Vill.jpg
 -L5YWGzp7DLpeiU49-AZ,https://i.ytimg.com/vi/0OF6hNNekpc/hqdefault.jpg
 -L5YWGzp7DLpeiU49-AZ,http://2.bp.blogspot.com/-0J1yXhME1do/TkM2PBBVFTI/AAAAAAAAAS4/rWnpDjtezC0/s1600/boat+in+river.jpg
 -L5YWGzp7DLpeiU49-AZ,https://upload.wikimedia.org/wikipedia/commons/2/25/Football_in_the_village_of_Bangladesh.jpg
 -L5YWGzv76ZZNpzpD2qn,https://upload.wikimedia.org/wikipedia/commons/thumb/6/67/View_in_a_Village_of_Bangladesh.jpg/1200px-View_in_a_Village_of_Bangladesh.jpg
 -L5YWGzv76ZZNpzpD2qn,https://c1.staticflickr.com/6/5011/5486104280_a6295740c6_b.jpg
 -L5YWGzv76ZZNpzpD2qn,"http://www.spraguephoto.com/stock-photos/06bd249-Farmers-carrying-fish-fingerlings-from-a-nearby-hatchery-to-the-ponds-on-their-farm,-Kumargati-village,-Mymensingh-region,-Bangladesh.%7C15038.jpg"
 -L5YWGzv76ZZNpzpD2qo,http://mw2.google.com/mw-panoramio/photos/medium/89645879.jpg
 -L5YWGzv76ZZNpzpD2qo,http://www.panigram.com/wp-content/uploads/2009/05/bangladeshi-village-house-in-the-jungle.jpg
 -L5YWGzv76ZZNpzpD2qo,http://4.bp.blogspot.com/-fc-hPEuU79k/URoLgFB-pqI/AAAAAAAAA-k/ILV8vTub3E4/s1600/Rickshwa+--1.bmp
 -L5YWGzwxjqqA39dwkL1,http://www.panigram.com/wp-content/uploads/2013/09/Jessore-Scenery.jpg
 -L5YWGzwxjqqA39dwkL1,https://www.jovago.net/blog/bd/wp-content/uploads/2017/05/Srimongol.jpg
 -L5YWGzwxjqqA39dwkL1,https://encrypted-tbn0.gstatic.com/images?q=tbn:ANd9GcSN5SjtQYgu6ehWz3V0VMeEhVfNxJ7cVGsu7L1iyEDwP6DmL-6Rxg
 -L5YWGzxjcNnrVg-v6tr,http://121clicks.com/wp-content/uploads/2012/04/beautiful_bangladesh_40.jpg
 -L5YWGzxjcNnrVg-v6tr,https://www.registry.com.bd/images/bd-nature/village-1.jpg
 -L5YWGzxjcNnrVg-v6tr,https://encrypted-tbn0.gstatic.com/images?q=tbn:ANd9GcSVsRGuBplJod0OdZgRJtXxSuS9bp8yi1aKZRs8oXIxpaJ0TGEMFw
 -L5YWGzxjcNnrVg-v6ts,https://www.jovago.net/blog/bd/wp-content/uploads/2017/05/Screen-Shot-2017-05-15-at-5.09.43-PM.png
 -L5YWGzxjcNnrVg-v6ts,"http://www.spraguephoto.com/stock-photos/06bd250-Men-hauling-loads-of-rice,-Kumargati-village,-Mymensingh-region,-Bangladesh.%7C15039.jpg"
 -L5YWGzxjcNnrVg-v6ts,https://c1.staticflickr.com/9/8369/8370395169_aaca5c9efb_b.jpg
 -L5YWGzybJDslB2C-mxa,https://s-media-cache-ak0.pinimg.com/originals/4a/72/83/4a7283e79c491687ecc601c6640752d3.jpg
 -L5YWGzybJDslB2C-mxa,https://i.ytimg.com/vi/KQpr4ofhj6Y/hqdefault.jpg
 -L5YWGzybJDslB2C-mxa,https://encrypted-tbn0.gstatic.com/images?q=tbn:ANd9GcQQSMBKLTsS5LrZZ4BSnH3QgIHqozO_pSHXT528uRghP-xIvAN9Rw
 -L5YWGzybJDslB2C-mxb,https://i.ytimg.com/vi/3AEjNcrmqc4/maxresdefault.jpg
 -L5YWGzybJDslB2C-mxb,http://3.bp.blogspot.com/-fdMbpgQDpro/Ud5FEA652nI/AAAAAAAAAAw/hAVoBEgCFLo/s1600/Bliss+Wapaper.jpg
 -L5YWGzybJDslB2C-mxb,http://3.bp.blogspot.com/-DplPa25HPY4/TkM24VDL30I/AAAAAAAAATU/gyMZ6YFf-aI/s1600/village+house.jpg
 -L5YWGzzEnc-OPxxWMy5,https://media-cdn.tripadvisor.com/media/photo-s/01/79/7e/92/wine-tours-in-bordeaux.jpg
 -L5YWGzzEnc-OPxxWMy5,https://i.ytimg.com/vi/OLdiZzxYr9k/maxresdefault.jpg
 -L5YWGzzEnc-OPxxWMy5,http://www.anna-heringer.com/uploads/pics/Rudrapur.jpg
 -L5YWH--ASbWjCbwV1ip,http://3.bp.blogspot.com/-06hjBmgGUhE/UrZIO8aJWLI/AAAAAAAARnw/jDK49Nj4b9Y/s1600/20122013621.jpg
 -L5YWH--ASbWjCbwV1ip,https://encrypted-tbn0.gstatic.com/images?q=tbn:ANd9GcTT8duwyLWx23g-pyg6wP-4D-nr37WE-9EL5DjNIr2laxA6QVzR
 -L5YWH--ASbWjCbwV1ip,https://encrypted-tbn0.gstatic.com/images?q=tbn:ANd9GcSpGlvFBVxns5fapmfX_1G9Z-cV8lepNJj2H2xiaK6cyGnS8UuWPA
 -L5YWH--ASbWjCbwV1iq,https://thumb7.shutterstock.com/display_pic_with_logo/1508807/552879889/stock-photo-village-in-bangladesh-during-sunset-552879889.jpg
 -L5YWH--ASbWjCbwV1iq,https://upload.wikimedia.org/wikipedia/commons/thumb/3/3e/A_village_field_in_Bangladesh.jpg/240px-A_village_field_in_Bangladesh.jpg
 -L5YWH--ASbWjCbwV1iq,https://lh3.googleusercontent.com/-LAjmzorAtfg/UvT_7nywtgI/AAAAAAAAIa4/JZKcuh2FD0k/s800/clay_house_4_640.jpg
 -L5YWH-06ZUgMnqRqaYv,http://4.bp.blogspot.com/-NXJQQAEsXoM/U2AZUdSoShI/AAAAAAAAAGQ/TGhJq65Qhwc/s1600/bd_07-e1349934677422.jpg
 -L5YWH-06ZUgMnqRqaYv,https://www.unicef.org/bangladesh/bd-kids-meena-meena-house.jpg
 -L5YWH-06ZUgMnqRqaYv,https://az616578.vo.msecnd.net/files/2016/07/11/6360379541157531961531784197_BEAUTIFUL%20BANGLADESH.jpg
 -L5YWH-1M_-HaCu82Epx,http://photos.tourtoday.com.bd/wp-content/uploads/2017/01/satala-lily-village.jpg
 -L5YWH-1M_-HaCu82Epx,https://pbs.twimg.com/media/CfdYTCOVIAAOH0L.jpg
 -L5YWH-1M_-HaCu82Epx,https://upload.wikimedia.org/wikipedia/commons/1/12/Village_market_of_BD.jpg
 -L5YWH-2w9qcLrRD2AN9,https://upload.wikimedia.org/wikipedia/commons/7/77/Bd_school.jpg
 -L5YWH-2w9qcLrRD2AN9,https://i.ytimg.com/vi/_LGH_xeqKYg/hqdefault.jpg
 -L5YWH-2w9qcLrRD2AN9,https://encrypted-tbn0.gstatic.com/images?q=tbn:ANd9GcSk08VGx1o7UNmigjLzQMzOrQ97MKDUutIAkJ6tIv8esy8J6agbEA
 -L5YWH-2w9qcLrRD2ANA,https://158fc6497e5a64559e1f-d14ef12e680aa00597bdffb57368cf92.ssl.cf2.rackcdn.com/join-the-conversation/World_Ark_Magazine/2012/Holiday_2012/BangladeshWA4.jpg
 -L5YWH-2w9qcLrRD2ANA,https://i.pinimg.com/564x/1b/5a/16/1b5a167dc9c68037b48b763d377ba577--bangladesh-the-villages.jpg
 -L5YWH-2w9qcLrRD2ANA,https://i.ytimg.com/vi/bzekSH7mdhw/hqdefault.jpg
 -L5YWH-3BNtuyT44se19,https://i.ytimg.com/vi/b4PP39WREg4/maxresdefault.jpg
 -L5YWH-3BNtuyT44se19,https://i.ytimg.com/vi/9hLJzlDf90M/maxresdefault.jpg
 -L5YWH-3BNtuyT44se19,https://i.pinimg.com/736x/9a/6c/0d/9a6c0dafbc76df77a92ae45db5170bb5--bangladesh-roads.jpg
 -L5YWH-3BNtuyT44se1A,https://researchleap.com/wp-content/uploads/2015/08/IMG_2992.jpg
 -L5YWH-3BNtuyT44se1A,http://1.bp.blogspot.com/-VfpPc729-HE/TkM2wEp-X8I/AAAAAAAAATQ/Skshd8uW_8w/s1600/typical+village.jpg
 -L5YWH-3BNtuyT44se1A,https://i.ytimg.com/vi/-E9FE1cJ_VM/maxresdefault.jpg
 -L5YWH-4AkjBTtCt4eDW,https://i.ytimg.com/vi/oPcaDp-lico/hqdefault.jpg
 -L5YWH-4AkjBTtCt4eDW,https://www.mangrovesforthefuture.org/assets/Repository/Images/_resampled/bywidthspan8W10/02-BD-SundarbansEnamul-Mazid-Khan-Siddique.JPG
 -L5YWH-4AkjBTtCt4eDW,https://c2.staticflickr.com/8/7410/9952101236_349e111f24_b.jpg
 -L5YWH-4AkjBTtCt4eDX,https://i.ytimg.com/vi/TkU2aEbl18g/maxresdefault.jpg
 -L5YWH-4AkjBTtCt4eDX,https://i.ytimg.com/vi/GcPxFz74Qhw/maxresdefault.jpg
 -L5YWH-4AkjBTtCt4eDX,https://encrypted-tbn0.gstatic.com/images?q=tbn:ANd9GcShEI_Y9Wl90ARpcRPIlImgwOBG5ckFFvmPJvlK1z58MdvI6d0PHA
 -L5YWH-5NFMFnoQtW8u2,https://i.ytimg.com/vi/usDfhsePMps/maxresdefault.jpg
 -L5YWH-5NFMFnoQtW8u2,https://libcom.org/files/rural_Bangladesh.jpg
 -L5YWH-5NFMFnoQtW8u2,https://i1.trekearth.com/photos/73365/gram.jpg
 -L5YWH-6uUCjdBXDRsT0,https://encrypted-tbn0.gstatic.com/images?q=tbn:ANd9GcR4HPSBa0JHJcMLd3eD-F3YqULgOO0bSEsbrMpW4co_rY9pPOFe
 -L5YWH-6uUCjdBXDRsT0,https://i.ytimg.com/vi/UB27jl143h0/hqdefault.jpg
 -L5YWH-6uUCjdBXDRsT0,https://i.ytimg.com/vi/hyso3kBJ4Oc/maxresdefault.jpg
 -L5YWH-6uUCjdBXDRsT1,http://www.bestwaygroup.com.bd/images/ecovillage/gallery/2.jpg
 -L5YWH-6uUCjdBXDRsT1,https://i.ytimg.com/vi/mObTol0KdqI/maxresdefault.jpg
 -L5YWH-6uUCjdBXDRsT1,https://upload.wikimedia.org/wikipedia/commons/thumb/a/af/BAU_mosque.JPG/240px-BAU_mosque.JPG
 -L5YWH-9-QOSVcgb8GiT,https://s-media-cache-ak0.pinimg.com/originals/ce/45/3d/ce453d3da50b764bb6bd9e6aac782488.jpg
 -L5YWH-9-QOSVcgb8GiT,https://encrypted-tbn0.gstatic.com/images?q=tbn:ANd9GcQvIzdbS6sHdZTmDnzXsdaRw-LL5lK6dI1wbv0RytXufLd6PUhzgg
 -L5YWH-9-QOSVcgb8GiT,https://cdn.static-economist.com/sites/default/files/images/print-edition/20121103_FBP001_0.jpg
 -L5YWH-Ar4W0hjb2O-Ii,https://johnstanlake.files.wordpress.com/2012/04/img_2029.jpg
 -L5YWH-Ar4W0hjb2O-Ii,https://encrypted-tbn0.gstatic.com/images?q=tbn:ANd9GcRniK7zMhtREA1NamDGcy8DZ7pY0hL1E0FW3C51R5sNbxP1_qEz0w
 -L5YWH-Ar4W0hjb2O-Ii,https://encrypted-tbn0.gstatic.com/images?q=tbn:ANd9GcR3TF3Cq5MHK1nG4zPuNyyVUHHGAbSvxwhw7WvnWt3VcXMe9Nno
 -L5YWH-Ar4W0hjb2O-Ij,https://qzprod.files.wordpress.com/2017/09/rtx3fpi4-e1505182964294.jpg?quality=80&strip=all&w=3189
 -L5YWH-Ar4W0hjb2O-Ij,http://2.bp.blogspot.com/-Tu4biBA-ZCI/T_XXq5tNugI/AAAAAAAAAAc/z2zIMZxfa_w/s1600/523371_329915620428393_1366700762_n.jpg
 -L5YWH-Ar4W0hjb2O-Ij,https://beautyvillagebangladesh.files.wordpress.com/2012/10/6749669341_78ea230e49_m.jpg
 -L5YWH-B7UYZ1WE0BvDX,https://i.ytimg.com/vi/r8tSeECjdRM/maxresdefault.jpg
 -L5YWH-B7UYZ1WE0BvDX,https://encrypted-tbn0.gstatic.com/images?q=tbn:ANd9GcR6eJogJ8anWj5JKwozecxqFPNhDKQM8JmB--BI7d82vSRxSruVKw
 -L5YWH-B7UYZ1WE0BvDX,https://upload.wikimedia.org/wikipedia/commons/thumb/5/54/BD_Tangail_1.JPG/1200px-BD_Tangail_1.JPG
 -L5YWH-B7UYZ1WE0BvDY,https://media.licdn.com/mpr/mpr/AAEAAQAAAAAAAAi6AAAAJDY5Mjc3ODc2LTM3ZWItNGU1Mi1iZjVmLTRkZTIzMzQzMTg5ZA.jpg
 -L5YWH-B7UYZ1WE0BvDY,https://i.ytimg.com/vi/TQQvi-UNI8c/maxresdefault.jpg
 -L5YWH-B7UYZ1WE0BvDY,https://encrypted-tbn0.gstatic.com/images?q=tbn:ANd9GcSTbqRFGJb1J1yMPJgi0pWm8Km3oLikTjUzxs_y7arwm0_ypOWPRw
 -L5YWH-CzskIRMvZCJZt,https://encrypted-tbn0.gstatic.com/images?q=tbn:ANd9GcTeCao9hKh_m0VyJgPoLsLY8Yaq5krqztM8MbcVAn-0X8fCji1vZg
 -L5YWH-CzskIRMvZCJZt,http://www.aljazeera.com/mritems/Images/2017/9/26/7ad3b461f3114850a74e497c3febaca2_8.jpg
 -L5YWH-CzskIRMvZCJZt,https://www.soschildrensvillages.ca/sites/default/files/resize/sos-village-chittagong-bangladesh-793-800x522-350x228.jpg
 -L5YWH-DfshmEEFzf1n1,http://www.panigram.com/wp-content/uploads/2013/07/Goru-Gari-Ride-1-sm.jpg
 -L5YWH-DfshmEEFzf1n1,https://encrypted-tbn0.gstatic.com/images?q=tbn:ANd9GcRkN1qEfbycx0et4JFTYuAQvtlffwQ-0WO51-TlCUXjQ0iMc5yz
 -L5YWH-DfshmEEFzf1n1,https://encrypted-tbn0.gstatic.com/images?q=tbn:ANd9GcRg-Ievrckd1fzk1NrIOsyAjqczZDibLz34gnoJs6ka-GymoD9L
 -L5YWH-ExQjZw9g0SQb2,https://encrypted-tbn0.gstatic.com/images?q=tbn:ANd9GcQ0E6AArJGNyonR1vKokb5D1O343QD0-Moc3aOPuYygS3XIt1XqnQ
 -L5YWH-ExQjZw9g0SQb2,https://i.ytimg.com/vi/LlsFXiM773A/maxresdefault.jpg
 -L5YWH-ExQjZw9g0SQb2,https://cdn.pixabay.com/photo/2017/02/28/12/33/village-2105619_960_720.jpg
 -L5YWH-ExQjZw9g0SQb3,https://odis.homeaway.com/odis/listing/bda56bcd-5401-4782-91c3-f776adcc2174.c10.jpg
 -L5YWH-ExQjZw9g0SQb3,http://3.bp.blogspot.com/__sEo7TH8aWg/TKyYCh-1LiI/AAAAAAAAACM/jDxXGLu1N6c/s1600/BD+Village+Home+Family+Garden.jpg
 -L5YWH-ExQjZw9g0SQb3,http://expeditionbd.com/wp-content/uploads/2014/07/44-nilgiri2-926x511.jpg
 -L5YWH-Fiz8iExhxh38M,https://upload.wikimedia.org/wikipedia/commons/thumb/a/a9/BD_Mohanganj_8.jpg/1200px-BD_Mohanganj_8.jpg
 -L5YWH-Fiz8iExhxh38M,https://encrypted-tbn0.gstatic.com/images?q=tbn:ANd9GcR0FAJ1iC53WsF9vkBWqTITw_hxZRxj_MbeQvYJ6jMXbkmYYQ9Deg
 -L5YWH-Fiz8iExhxh38M,https://encrypted-tbn0.gstatic.com/images?q=tbn:ANd9GcRT_Yg5Ic7W-Si0OKg5UqlLHaPJx6IDKGXbnvdRwjdUxllGOygo9Q
 -L5YWH-Fiz8iExhxh38N,http://2.bp.blogspot.com/-vW2-BUajXms/TVaBB1NWTZI/AAAAAAAAApQ/xxOKIT2cpmw/s1600/p-1.jpg
 -L5YWH-Fiz8iExhxh38N,https://encrypted-tbn0.gstatic.com/images?q=tbn:ANd9GcTgm8Jw5Ehiy_EB9Q2PpsCRGS0RxvcUpdiOns1xN7ogMS3_SmkJBg
 -L5YWH-Fiz8iExhxh38N,https://encrypted-tbn0.gstatic.com/images?q=tbn:ANd9GcR97wu4qHUXmzegqHqSvHqd_D_33oNACMaArUYUI8u8mfeLDacw4w
 -L5YWH-Gn6b8B92Grf1z,"http://www.spraguephoto.com/stock-photos/06bd258-Farmer-with-fish-pond,-Kumargati-village,-Mymensingh-region,-Bangladesh.%7C15046.jpg"
 -L5YWH-Gn6b8B92Grf1z,https://www.benarnews.org/english/news/bengali/christian-killed-01222016152329.html/160122-BD-christian-route-620.jpg
 -L5YWH-Gn6b8B92Grf1z,https://encrypted-tbn0.gstatic.com/images?q=tbn:ANd9GcRw11ibUj0lZjdN33ObkYOLwCBunUIg2Mlp6NnKHU0i_EPFYQW3
 -L5YWH-Gn6b8B92Grf2-,http://3.bp.blogspot.com/-eNiOyAkAIBc/UVcKHvnXUcI/AAAAAAAALOM/RZJB826irD0/s1600/Ever+Green+Rice+Plants+In+A+Village.jpg
 -L5YWH-Gn6b8B92Grf2-,https://www.compassion.com/Images/Bangladesh-couple-sitting-in-front-of-home.jpg
 -L5YWH-Gn6b8B92Grf2-,https://i1.wp.com/roadsandkingdoms.com/uploads/2015/07/Laboni-005.jpg?w=1300&quality=95&strip=color
 -L5YWH-HeAMeWDcW70bB,https://mw2.google.com/mw-panoramio/photos/medium/40486744.jpg
 -L5YWH-HeAMeWDcW70bB,https://odis.homeaway.com/odis/listing/554d2a57-e7f5-4bf4-97bd-38192467ec7b.c10.jpg
 -L5YWH-HeAMeWDcW70bB,https://upload.wikimedia.org/wikipedia/commons/thumb/6/6c/BD_Mahasthangarh1.JPG/1200px-BD_Mahasthangarh1.JPG
 -L5YWH-LCnjY1gjk6JZd,https://encrypted-tbn0.gstatic.com/images?q=tbn:ANd9GcRvAUCn7a_0GOR3MhbS4ZNKjN9zOhPDOa-Tw1grf5JCLcWLig-j
 -L5YWH-LCnjY1gjk6JZd,https://encrypted-tbn0.gstatic.com/images?q=tbn:ANd9GcT9QKfyfdAzYQObmrsYrVkjhUx9gZZ8vmmGc84qVVFch48g3UYk
 -L5YWH-LCnjY1gjk6JZd,https://encrypted-tbn0.gstatic.com/images?q=tbn:ANd9GcQ637P3PZUnuWeZBMItSyoqIGWhxxYTWmuPw37Lm4SL5HmHPdlq
 -L5YWH-MpdGIfIzgZLaf,https://encrypted-tbn0.gstatic.com/images?q=tbn:ANd9GcQSW5zZfmiOd4Yx6QgO5Wfr95Ynw6NPfRAvMhwrgHNl-lLZN6mh
 -L5YWH-MpdGIfIzgZLaf,https://encrypted-tbn0.gstatic.com/images?q=tbn:ANd9GcS0JQQ9FuOqgEskXJI4wmFdDLR61NxYVaNNAPyqToDDh4MEkd5R
 -L5YWH-MpdGIfIzgZLaf,https://encrypted-tbn0.gstatic.com/images?q=tbn:ANd9GcR_xO5glTy1f7gICQcSjSd7AJkPscC8tffF985uJ7cCacBGbwxD
 -L5YWH-N5UhLx7bKQXg-,https://media-cdn.tripadvisor.com/media/photo-s/03/39/a8/45/birishiri-netrokona.jpg
 -L5YWH-N5UhLx7bKQXg-,https://c.tadst.com/gfx/750w/bangladesh-dst.jpg?1
 -L5YWH-N5UhLx7bKQXg-,https://encrypted-tbn0.gstatic.com/images?q=tbn:ANd9GcTkdbQQSdAPLJ8Gs95VgN_S8dHQMrXaPMvg9Ux5tHrMK7NVWGr8
 -L5YWH-N5UhLx7bKQXg0,https://i.cdn.turner.com/cnn/.e/interactive/html5-video-media/2017/09/01/bangla_floods_2.jpg
 -L5YWH-N5UhLx7bKQXg0,https://encrypted-tbn0.gstatic.com/images?q=tbn:ANd9GcQ6KpDJuTIMk-uHngxNbHJ8UI_RxU0GPKhuvMj2ZO90hIq7Bavj
 -L5YWH-N5UhLx7bKQXg0,https://encrypted-tbn0.gstatic.com/images?q=tbn:ANd9GcSHw0oo69LBPgzxGxDMKwhaYeEJant-T_c2KZHzfJkFkSFgXAuc
 -L5YWH-Oxa1Eqgsx9_nu,https://mw2.google.com/mw-panoramio/photos/medium/47543560.jpg
 -L5YWH-Oxa1Eqgsx9_nu,http://assets.dagnysrealestate.com/condominium_photos/l_condo-homes-chestnut-hill-village-bethel-ct-houses-real-estate-properties-3bd5.jpg
 -L5YWH-Oxa1Eqgsx9_nu,http://www.explorecruisebd.com/bangladesh&site/pic/villagebd_clip_image002.jpg
 -L5YWH-QSV04ZJ22yS3K,http://3.bp.blogspot.com/-xY0F-Wo7LKo/TtaKQcb5mHI/AAAAAAAABg4/POR-WnyTuzI/s1600/Image0945e.jpg
 -L5YWH-QSV04ZJ22yS3K,https://encrypted-tbn0.gstatic.com/images?q=tbn:ANd9GcScsutRMp3RoORRsqvL4K8ZDF2SP8ZwPUxJI8XEH3Xr3vBJKBUb
 -L5YWH-QSV04ZJ22yS3K,http://i.dailymail.co.uk/i/pix/2012/11/02/article-2226809-15CA53C2000005DC-687_634x293.jpg
 -L5YWH-Rmm6voOsod8f-,https://encrypted-tbn0.gstatic.com/images?q=tbn:ANd9GcR-FC2kMTQJKTPDCIxEDTT0CVy22e4RbuAvEwHmhn5TcfZPjFNc
 -L5YWH-Rmm6voOsod8f-,https://encrypted-tbn0.gstatic.com/images?q=tbn:ANd9GcR398laFElsE6iRrybF0BBO1dD8oo0xlNkblFPG5_MylY1vunQMWw
 -L5YWH-Rmm6voOsod8f-,https://encrypted-tbn0.gstatic.com/images?q=tbn:ANd9GcR4f_dhOgVxRYLe_9PiSQLWqQWp4zjWbQ_Zhn0FIMvavcBZiGKL
 -L5YWH-SmuWIW6OJo6YU,https://ockpoptok.com/wp-content/uploads/2017/10/AE871D7A-78BD-43EC-B041-21C8A1AE4917-300x225.jpg
 -L5YWH-SmuWIW6OJo6YU,https://odis.homeaway.com/odis/listing/f83b58a6-486b-4f38-bd82-8bfd2aedf2a9.c10.jpg
 -L5YWH-SmuWIW6OJo6YU,https://upload.wikimedia.org/wikipedia/commons/thumb/2/2e/BD_Mahasthangarh3.JPG/250px-BD_Mahasthangarh3.JPG
 -L5YWH-SmuWIW6OJo6YV,http://static.panoramio.com/photos/large/40420021.jpg
 -L5YWH-SmuWIW6OJo6YV,https://sylhettourbd.files.wordpress.com/2014/12/haripur.jpg
 -L5YWH-SmuWIW6OJo6YV,https://farm7.staticflickr.com/6118/6363453261_8e3f0b622b_b.jpg
 -L5YWH-TOTykFqnMyKE-,https://upload.wikimedia.org/wikipedia/commons/7/73/Taj_Mahal_in_Bangladesh.jpg
 -L5YWH-TOTykFqnMyKE-,https://itinari.imgix.net/activity/images/original/f95128c3-07b0-4d5b-9bd2-1313c3a7c82c-istock-176882976.jpg?fm=pjpg&ch=DPR&dpr=2&w=800&fit=clip&trim=auto&auto=enhance
 -L5YWH-TOTykFqnMyKE-,https://c1.staticflickr.com/4/3713/9603725207_38a4d402b1_b.jpg
 -L5YWH-TOTykFqnMyKE0,http://www.memo.fr/img//2c69bb33-f2bd-4e68-af54-3447b861544f.jpg
 -L5YWH-TOTykFqnMyKE0,http://www.dhakatribune.com/assets/uploads/2017/06/18814202_658469507691230_7222913810515423243_n.jpg
 -L5YWH-TOTykFqnMyKE0,https://odis.homeaway.com/odis/listing/628a98ab-bd6f-4c43-913a-ba02558cfe52.c10.jpg
 -L5YWH-UIxzBhcnfGHPO,https://upload.wikimedia.org/wikipedia/commons/thumb/c/c5/BD_Sitalakhya_River.JPG/1200px-BD_Sitalakhya_River.JPG
 -L5YWH-UIxzBhcnfGHPO,http://l7.alamy.com/zooms/80fa5cce0a804878870101b36a8c8751/old-post-box-at-the-village-of-ilmington-bcbebd.jpg
 -L5YWH-UIxzBhcnfGHPO,https://upload.wikimedia.org/wikipedia/commons/thumb/0/06/Chokbochai_Rail_crossing_at_Gabtoli_outscirts.jpg/220px-Chokbochai_Rail_crossing_at_Gabtoli_outscirts.jpg
 -L5YWH-VhSJlSamvNNwN,"http://www.spraguephoto.com/stock-photos/06bd256-Farmer-with-cow-and-fish-pond,-Kumargati-village,-Mymensingh-region,-Bangladesh.%7C15044.jpg"
 -L5YWH-VhSJlSamvNNwN,https://encrypted-tbn0.gstatic.com/images?q=tbn:ANd9GcS_DrPv_GIkttePk1NtogcHSXKQRDPoQRSk-cLjRuT93qU3v7Lfxg
 -L5YWH-VhSJlSamvNNwN,https://encrypted-tbn0.gstatic.com/images?q=tbn:ANd9GcQNbka5NesSkHZprhWKjDrEV4H5ArboBFvn8eeaMH-xT-k4yxUQZA
 -L5YWH-VhSJlSamvNNwO,http://www.abac-bd.com/wp-content/uploads/Mohasthangor.jpg?x26400
 -L5YWH-VhSJlSamvNNwO,http://article.sapub.org/image/10.5923.s.plant.201401.02_002.gif
 -L5YWH-VhSJlSamvNNwO,https://encrypted-tbn0.gstatic.com/images?q=tbn:ANd9GcQ8Xp4IFBLSyPZG1QeHfdVahGnC2KIzEpZv_4fu-7Ny4xst_dTtLQ
 -L5YWH-W0YxhubAnd1YU,https://i.guim.co.uk/img/media/0759599dc780cd19cac66f4037f80b21c31ba594/0_186_5000_3000/master/5000.jpg?w=300&q=55&auto=format&usm=12&fit=max&s=fd344b19ac0bad5fdfc86f7d813d1173
 -L5YWH-W0YxhubAnd1YU,https://www.compassion.com/Images/Bangladesh-market.jpg
 -L5YWH-W0YxhubAnd1YU,https://upload.wikimedia.org/wikipedia/commons/thumb/3/3d/Rice_growing_at_village.JPG/300px-Rice_growing_at_village.JPG
 -L5YWH-W0YxhubAnd1YV,https://encrypted-tbn0.gstatic.com/images?q=tbn:ANd9GcTbY_rXZAC-IppBexZNk0dwY2Tu24lwvzKQfJdzxCwhrpWXRtEX
 -L5YWH-W0YxhubAnd1YV,https://encrypted-tbn0.gstatic.com/images?q=tbn:ANd9GcRodCOJFTU5f7Dwb-CVFkY-xsg_uPAAkF-KJiaLSaAtlYY6hAlt
 -L5YWH-W0YxhubAnd1YV,http://pocketrobin.com/wp-content/uploads/2014/05/13404399524_f3e07ff72b_b.jpg
 -L5YWH-XGI2i82trvoEa,https://encrypted-tbn0.gstatic.com/images?q=tbn:ANd9GcTCzD-WtIY8M8IOQ0y49b2Tl7aKyRdqwdZbzprERp2Kutkieywh6A
 -L5YWH-XGI2i82trvoEa,https://encrypted-tbn0.gstatic.com/images?q=tbn:ANd9GcS5LxJ1hC3DVfh2SslKotgyQBL7Dc2j4EP5QTFtoTgGiD3lcWFe
 -L5YWH-XGI2i82trvoEa,http://jaarchitects.com.bd/wp-content/uploads/2016/10/UTSHO-VILLAGE-58-1920x1280.jpg
 -L5YWH-XGI2i82trvoEb,http://sgps.gov.bd/wp-content/uploads/2016/09/slider-1.jpg
 -L5YWH-XGI2i82trvoEb,https://upload.wikimedia.org/wikipedia/commons/thumb/8/88/Pump-enabled_Riverside_Irrigation_in_Comilla%2C_Bangladesh%2C_25_April_2014.jpg/1200px-Pump-enabled_Riverside_Irrigation_in_Comilla%2C_Bangladesh%2C_25_April_2014.jpg
 -L5YWH-XGI2i82trvoEb,http://www.fantasy-kingdom.net.bd/image/heritage-park/2.jpg
 -L5YWH-YJHBvKXFtc8Q0,https://3c1703fe8d.site.internapcdn.net/newman/csz/news/800/2015/thebodyofaro.jpg
 -L5YWH-YJHBvKXFtc8Q0,http://www.greatnepalholidays.com/wp-content/uploads/2016/07/bangladesh-pond.jpg
 -L5YWH-YJHBvKXFtc8Q0,https://encrypted-tbn0.gstatic.com/images?q=tbn:ANd9GcTn7OVdwLv_OQ4T9v-DQD6-nEn5KwDwtwex95LiMQ4b1iP0It65VA
 -L5YWH-ZVn4JypZ7phc5,https://i.ytimg.com/vi/zeTytha61FE/maxresdefault.jpg
 -L5YWH-ZVn4JypZ7phc5,http://floodlist.com/wp-content/uploads/2015/03/bangladesh-general-2-ddm-343x187.jpg
 -L5YWH-ZVn4JypZ7phc5,http://floodlist.com/wp-content/uploads/2015/03/bangladesh-general-ddm-343x187.jpg
 -L5YWH-ZVn4JypZ7phc6,http://www.global-greenhouse-warming.com/wp-content/uploads/2012/07/flood-of-bangladesh-1988-21619654.jpg?x57846
 -L5YWH-ZVn4JypZ7phc6,http://www.dhakatribune.com/assets/uploads/2013/07/BD-Flood_0.jpg
 -L5YWH-ZVn4JypZ7phc6,http://images.firstpost.com/wp-content/uploads/2017/08/bangladesh-flood_social.jpg
 -L5YWH-_fi6_3bBsgCE3,http://www.clickittefaq.com/wp-content/uploads/2016/07/South-Asia-monsoon-flooding-5.jpg
 -L5YWH-_fi6_3bBsgCE3,https://blogebanglatk.files.wordpress.com/2017/08/denajpuor-2.jpg?w=616
 -L5YWH-_fi6_3bBsgCE3,https://gogetfunding.com/wp-content/uploads/2013/08/29346/bangladesh_floods_3column00_nospace_landscape.jpg
 -L5YWH-a7HknGd7gaZP3,http://businessnews24bd.com/wp-content/uploads/2014/08/kurigram-660x330.jpg
 -L5YWH-a7HknGd7gaZP3,http://www.worldbank.org/content/dam/Worldbank/Feature%20Story/sar/Bangladesh/bd-cccp.jpg
 -L5YWH-a7HknGd7gaZP3,https://www.unicef.org/bangladesh/bd-work-flood2007.jpg
 -L5YWH-a7HknGd7gaZP4,http://www.abnews24.com/english/assets/images/news_images/2016/06/24/flood_1551.jpg
 -L5YWH-a7HknGd7gaZP4,http://www.observerbd.com/2017/07/13/1499876844.jpg
 -L5YWH-a7HknGd7gaZP4,http://coolgeography.co.uk/A-level/AQA/Year%2012/Rivers_Floods/Flooding/Bangladesh/Bangladesh%20floods%202007.jpg
 -L5YWH-bj5YOhZzbpsFc,http://businessnews24bd.com/wp-content/uploads/2017/08/flood1-660x330.jpg
 -L5YWH-bj5YOhZzbpsFc,https://water104website.weebly.com/uploads/2/0/6/5/20654586/632048914_orig.jpg?308
 -L5YWH-bj5YOhZzbpsFc,https://i.ytimg.com/vi/fMhzvyMGAU4/maxresdefault.jpg
 -L5YWH-c6ULm93xiR4PH,http://www.daily-sun.com/assets/news_images/2017/07/04/Flood-Bangladlesh-daily-sun.JPG
 -L5YWH-c6ULm93xiR4PH,http://www.coolgeography.co.uk/GCSE/AQA/Water%20on%20the%20Land/Bangladesh/p07.jpg
 -L5YWH-c6ULm93xiR4PH,http://www.usbdvision.net/wp-content/uploads/2016/07/floods-bangladesh-600x399.jpg
 -L5YWH-c6ULm93xiR4PI,https://sites.google.com/site/ccbangladesh/_/rsrc/1431926532435/home/flood%20Bd%20projcet%20may15.jpg?height=299&width=515
 -L5YWH-c6ULm93xiR4PI,http://www.daily-sun.com/assets/news_images/2016/08/07/DailySun-2016-08-07-05-39.jpg
 -L5YWH-c6ULm93xiR4PI,https://i.ytimg.com/vi/asu0-LmhVu0/maxresdefault.jpg
 -L5YWH-dJ4D4Td6G_Ybf,http://businessnews24bd.com/wp-content/uploads/2016/07/Kurigram-Flood-660x330.jpg
 -L5YWH-dJ4D4Td6G_Ybf,http://response.brac.net/wp-content/uploads/2017/04/flash-flood.jpg
 -L5YWH-dJ4D4Td6G_Ybf,https://s1.reutersmedia.net/resources/r/?m=02&d=20170614&t=2&i=1188947543&r=LYNXMPED5D071&w=1280
 -L5YWH-dJ4D4Td6G_Ybg,http://cdn.thedailystar.net/sites/default/files/styles/very_big_1/public/feature/images/flood_1_10.jpg?itok=OsnVqEBx
 -L5YWH-dJ4D4Td6G_Ybg,http://cdn.thedailystar.net/sites/default/files/styles/medium_1/public/feature/images/flood1.jpg?itok=YAq2xStc&c=a439cd6dce0fd34711453fdf4c41812a
 -L5YWH-dJ4D4Td6G_Ybg,https://newsnextbd.com/wp-content/uploads/2017/08/Flood-in-Kurigram-2.jpg
 -L5YWH-eA7PSk3mE8iyV,https://i.ytimg.com/vi/8imSCOC8opI/maxresdefault.jpg
 -L5YWH-eA7PSk3mE8iyV,http://businessnews24bd.com/wp-content/uploads/2016/07/Kurigram-Flood1-660x330.jpg
 -L5YWH-eA7PSk3mE8iyV,http://www.clickittefaq.com/wp-content/uploads/2017/05/sri-lanka-flood.jpg
 -L5YWH-eA7PSk3mE8iyW,http://www.rdrsbangla.net/uploads/2016/07/Flood-2016.jpg
 -L5YWH-eA7PSk3mE8iyW,http://unysab.org/wp-content/uploads/2017/08/2802-1030x618.jpg
 -L5YWH-eA7PSk3mE8iyW,http://blogs.redcross.org.uk/wp-content/uploads/2017/08/Bangladesh-crowd-walks-through-water.jpg
 -L5YWH-fRr_SBfGspGdo,https://thirdpole.n.openearth.net/wp-content/uploads/sites/3/2017/08/Flood-BD-health-1020x664.jpg
 -L5YWH-fRr_SBfGspGdo,https://encrypted-tbn0.gstatic.com/images?q=tbn:ANd9GcQ4XoSGNi12F47FpEnu9BnP1Th1pXzeOTNKbPXA3poyfKMVT1o5YQ
 -L5YWH-fRr_SBfGspGdo,http://businessnews24bd.com/wp-content/uploads/2014/07/bhola-660x330.jpg
 -L5YWH-gIhOQRJzeGqPb,https://gogetfunding.com/wp-content/uploads/2013/08/29346/primary_image.jpg
 -L5YWH-gIhOQRJzeGqPb,https://encrypted-tbn0.gstatic.com/images?q=tbn:ANd9GcSabgMoHzA6DsT7j_usCDb5Oc-QM71KUo4HR_3zw1lmmMObLqPhfw
 -L5YWH-gIhOQRJzeGqPb,https://d30fl32nd2baj9.cloudfront.net/media/2017/08/14/kurigram-flood-pic-03--2-ed.jpg/ALTERNATES/w640/Kurigram-Flood-Pic-03%29-2-ed.jpg
 -L5YWH-hRBLRDRwjvhBX,https://upload.wikimedia.org/wikipedia/commons/9/9b/Flood_Dhaka_Rezowan.jpg
 -L5YWH-hRBLRDRwjvhBX,http://news.vanderbilt.edu/files/polder-32.jpg
 -L5YWH-hRBLRDRwjvhBX,http://www.unb.com.bd/media/2017-07-13-20-13-26-flood-bd.jpg
 -L5YWH-i2n76lPSEoSKC,http://www.dhakatribune.com/assets/uploads/2017/08/Dinajpur_flood.jpg
 -L5YWH-i2n76lPSEoSKC,http://www.thedailystar.net/sites/default/files/styles/big_2/public/feature/images/flood_1_6.jpg?itok=2TcwYvvO
 -L5YWH-i2n76lPSEoSKC,https://encrypted-tbn0.gstatic.com/images?q=tbn:ANd9GcQCiWwyR4tm-Tcl087oaQbhSDDq-YMIvkSJQkBR9tMkG6OpGUnq
 -L5YWH-jWietCgvOdqnX,https://media.gettyimages.com/photos/flood-affected-area-on-july-15-2017-in-lalmonirhat-bangladesh-by-picture-id815252650
 -L5YWH-jWietCgvOdqnX,https://wattsupwiththat.files.wordpress.com/2011/01/bang06.jpg
 -L5YWH-jWietCgvOdqnX,http://www.ipsnews.net/Library/2014/10/DSCF3019-629x472.jpg
 -L5YWH-kx8atDAMGesed,http://cdn.thedailystar.net/sites/default/files/styles/very_big_1/public/feature/images/north_bengal_flood.jpg?itok=vM3GN-VW
 -L5YWH-kx8atDAMGesed,https://encrypted-tbn0.gstatic.com/images?q=tbn:ANd9GcRxyYWvhHIiRjA2R0LU7GjecWTX6vtdt5O6nJDip-dXVHVS50i1
 -L5YWH-kx8atDAMGesed,https://encrypted-tbn0.gstatic.com/images?q=tbn:ANd9GcSqP1-xCgAm7EL-IoqvXaI4FwGq7evpioEQ_P2FN10tqlV62Zs2fQ
 -L5YWH-kx8atDAMGesee,https://i.guim.co.uk/img/media/054ce6c4d24ccb22c586e7ded7aa0cb4bcdd774b/0_0_4000_2587/master/4000.jpg?w=300&q=55&auto=format&usm=12&fit=max&s=91250a0c098a9c98549724a752eb5a93
 -L5YWH-kx8atDAMGesee,https://encrypted-tbn0.gstatic.com/images?q=tbn:ANd9GcThpJq9PiGIl1m460SDNFjht2tGPSZzLM95_dBMfkvDs4Qns15x
 -L5YWH-kx8atDAMGesee,https://practicalaction.org/blog/wp-content/uploads/2017/08/Rescue-by-Community-600x338.jpg
 -L5YWH-lQvcmlJxdgwQK,http://unysab.org/wp-content/uploads/2017/08/2802-1030x618.jpg
 -L5YWH-lQvcmlJxdgwQK,http://blogs.redcross.org.uk/wp-content/uploads/2017/08/Bangladesh-crowd-walks-through-water.jpg
 -L5YWH-lQvcmlJxdgwQK,https://thirdpole.n.openearth.net/wp-content/uploads/sites/3/2017/08/Flood-BD-health-1020x664.jpg
 -L5YWH-lQvcmlJxdgwQL,https://encrypted-tbn0.gstatic.com/images?q=tbn:ANd9GcQ4XoSGNi12F47FpEnu9BnP1Th1pXzeOTNKbPXA3poyfKMVT1o5YQ
 -L5YWH-lQvcmlJxdgwQL,http://businessnews24bd.com/wp-content/uploads/2014/07/bhola-660x330.jpg
 -L5YWH-lQvcmlJxdgwQL,https://gogetfunding.com/wp-content/uploads/2013/08/29346/primary_image.jpg
 -L5YWH-mYmKm3IrI25Cn,https://encrypted-tbn0.gstatic.com/images?q=tbn:ANd9GcSabgMoHzA6DsT7j_usCDb5Oc-QM71KUo4HR_3zw1lmmMObLqPhfw
 -L5YWH-mYmKm3IrI25Cn,https://d30fl32nd2baj9.cloudfront.net/media/2017/08/14/kurigram-flood-pic-03--2-ed.jpg/ALTERNATES/w640/Kurigram-Flood-Pic-03%29-2-ed.jpg
 -L5YWH-mYmKm3IrI25Cn,https://upload.wikimedia.org/wikipedia/commons/9/9b/Flood_Dhaka_Rezowan.jpg
